x-axis,1,2
second,Volt,Volt
+321.0000E-06,,
+321.4300E-06,+902.8930269E-03,+978.9752210E-03
+321.8600E-06,+897.6884326E-03,+996.9220981E-03
+322.2900E-06,+909.1385402E-03,+957.4389686E-03
+322.7200E-06,+909.3467239E-03,+996.9220981E-03
+323.1500E-06,+902.4766594E-03,+996.9220981E-03
+323.5800E-06,+909.3467239E-03,+996.9220981E-03
+324.0100E-06,+909.3467239E-03,+963.1819692E-03
+324.4400E-06,+902.8930269E-03,+996.9220981E-03
+324.8700E-06,+906.2239673E-03,+986.1539719E-03
+325.3000E-06,+897.8966164E-03,+957.4389686E-03
+325.7300E-06,+901.2275568E-03,+996.9220981E-03
+326.1600E-06,+902.4766594E-03,+996.9220981E-03
+326.5900E-06,+897.6884326E-03,+961.7462191E-03
+327.0200E-06,+909.3467239E-03,+996.9220981E-03
+327.4500E-06,+897.6884326E-03,+1.0191762256E+00
+327.8800E-06,+909.3467239E-03,+996.9220981E-03
+328.3100E-06,+909.3467239E-03,+996.9220981E-03
+328.7400E-06,+905.8075998E-03,+996.9220981E-03
+329.1700E-06,+904.5584971E-03,+996.9220981E-03
+329.6000E-06,+909.3467239E-03,+996.9220981E-03
+330.0300E-06,+899.5620866E-03,+1.0033829738E+00
+330.4600E-06,+904.1421296E-03,+996.9220981E-03
+330.8900E-06,+897.6884326E-03,+996.9220981E-03
+331.3200E-06,+897.8966164E-03,+996.9220981E-03
+331.7500E-06,+897.6884326E-03,+968.9249699E-03
+332.1800E-06,+897.6884326E-03,+996.9220981E-03
+332.6100E-06,+897.6884326E-03,+996.9220981E-03
+333.0400E-06,+909.3467239E-03,+956.7210935E-03
+333.4700E-06,+909.3467239E-03,+978.9752210E-03
+333.9000E-06,+897.6884326E-03,+996.9220981E-03
+334.3300E-06,+909.3467239E-03,+996.9220981E-03
+334.7600E-06,+905.8075998E-03,+996.9220981E-03
+335.1900E-06,+902.4766594E-03,+996.9220981E-03
+335.6200E-06,+899.1457190E-03,+996.9220981E-03
+336.0500E-06,+901.4357405E-03,+963.1819692E-03
+336.4800E-06,+904.1421296E-03,+996.9220981E-03
+336.9100E-06,+900.8111892E-03,+996.9220981E-03
+337.3400E-06,+897.8966164E-03,+996.9220981E-03
+337.7700E-06,+901.2275568E-03,+984.7182217E-03
+338.2000E-06,+902.4766594E-03,+996.9220981E-03
+338.6300E-06,+897.6884326E-03,+996.9220981E-03
+339.0600E-06,+897.6884326E-03,+996.9220981E-03
+339.4900E-06,+909.3467239E-03,+974.6679706E-03
+339.9200E-06,+900.8111892E-03,+956.7210935E-03
+340.3500E-06,+897.6884326E-03,+996.9220981E-03
+340.7800E-06,+909.3467239E-03,+996.9220981E-03
+341.2100E-06,+902.4766594E-03,+980.4109712E-03
+341.6400E-06,+897.6884326E-03,+961.7462191E-03
+342.0700E-06,+897.6884326E-03,+996.9220981E-03
+342.5000E-06,+897.6884326E-03,+978.9752210E-03
+342.9300E-06,+900.8111892E-03,+996.9220981E-03
+343.3600E-06,+897.8966164E-03,+996.9220981E-03
+343.7900E-06,+897.6884326E-03,+996.9220981E-03
+344.2200E-06,+909.3467239E-03,+996.9220981E-03
+344.6500E-06,+897.6884326E-03,+996.9220981E-03
+345.0800E-06,+911.2203779E-03,+996.9220981E-03
+345.5100E-06,+904.1421296E-03,+1.0191762256E+00
+345.9400E-06,+897.6884326E-03,+986.1539719E-03
+346.3700E-06,+909.1385402E-03,+996.9220981E-03
+346.8000E-06,+917.4658911E-03,+984.7182217E-03
+347.2300E-06,+909.3467239E-03,+1.0134332250E+00
+347.6600E-06,+909.3467239E-03,+956.7210935E-03
+348.0900E-06,+909.3467239E-03,+996.9220981E-03
+348.5200E-06,+909.3467239E-03,+996.9220981E-03
+348.9500E-06,+897.6884326E-03,+996.9220981E-03
+349.3800E-06,+909.1385402E-03,+1.0364052276E+00
+349.8100E-06,+897.6884326E-03,+996.9220981E-03
+350.2400E-06,+904.5584971E-03,+973.2322204E-03
+350.6700E-06,+909.3467239E-03,+996.9220981E-03
+351.1000E-06,+899.5620866E-03,+996.9220981E-03
+351.5300E-06,+909.3467239E-03,+996.9220981E-03
+351.9600E-06,+909.3467239E-03,+996.9220981E-03
+352.3900E-06,+909.3467239E-03,+996.9220981E-03
+352.8200E-06,+909.3467239E-03,+996.9220981E-03
+353.2500E-06,+909.3467239E-03,+980.4109712E-03
+353.6800E-06,+909.3467239E-03,+996.9220981E-03
+354.1100E-06,+909.3467239E-03,+996.9220981E-03
+354.5400E-06,+909.3467239E-03,+996.9220981E-03
+354.9700E-06,+909.3467239E-03,+1.0076902243E+00
+355.4000E-06,+897.8966164E-03,+996.9220981E-03
+355.8300E-06,+909.3467239E-03,+968.9249699E-03
+356.2600E-06,+904.5584971E-03,+996.9220981E-03
+356.6900E-06,+909.3467239E-03,+996.9220981E-03
+357.1200E-06,+899.5620866E-03,+1.0306622270E+00
+357.5500E-06,+909.3467239E-03,+996.9220981E-03
+357.9800E-06,+897.6884326E-03,+996.9220981E-03
+358.4100E-06,+909.3467239E-03,+956.7210935E-03
+358.8400E-06,+909.3467239E-03,+996.9220981E-03
+359.2700E-06,+909.3467239E-03,+980.4109712E-03
+359.7000E-06,+909.3467239E-03,+996.9220981E-03
+360.1300E-06,+909.3467239E-03,+1.0306622270E+00
+360.5600E-06,+909.3467239E-03,+974.6679706E-03
+360.9900E-06,+900.8111892E-03,+967.4892197E-03
+361.4200E-06,+909.3467239E-03,+996.9220981E-03
+361.8500E-06,+909.3467239E-03,+968.9249699E-03
+362.2800E-06,+909.3467239E-03,+996.9220981E-03
+362.7100E-06,+907.8894375E-03,+991.8969725E-03
+363.1400E-06,+899.5620866E-03,+996.9220981E-03
+363.5700E-06,+909.3467239E-03,+974.6679706E-03
+364.0000E-06,+909.3467239E-03,+996.9220981E-03
+364.4300E-06,+920.5886477E-03,+996.9220981E-03
+364.8600E-06,+909.3467239E-03,+996.9220981E-03
+365.2900E-06,+909.3467239E-03,+996.9220981E-03
+365.7200E-06,+909.3467239E-03,+996.9220981E-03
+366.1500E-06,+909.3467239E-03,+963.1819692E-03
+366.5800E-06,+902.8930269E-03,+1.0191762256E+00
+367.0100E-06,+897.6884326E-03,+996.9220981E-03
+367.4400E-06,+909.3467239E-03,+996.9220981E-03
+367.8700E-06,+901.2275568E-03,+996.9220981E-03
+368.3000E-06,+902.4766594E-03,+996.9220981E-03
+368.7300E-06,+907.8894375E-03,+1.0320979771E+00
+369.1600E-06,+909.3467239E-03,+996.9220981E-03
+369.5900E-06,+904.1421296E-03,+996.9220981E-03
+370.0200E-06,+906.2239673E-03,+996.9220981E-03
+370.4500E-06,+909.1385402E-03,+996.9220981E-03
+370.8800E-06,+909.3467239E-03,+996.9220981E-03
+371.3100E-06,+902.4766594E-03,+956.7210935E-03
+371.7400E-06,+909.3467239E-03,+996.9220981E-03
+372.1700E-06,+909.3467239E-03,+963.1819692E-03
+372.6000E-06,+909.3467239E-03,+996.9220981E-03
+373.0300E-06,+909.3467239E-03,+996.9220981E-03
+373.4600E-06,+909.1385402E-03,+996.9220981E-03
+373.8900E-06,+897.6884326E-03,+996.9220981E-03
+374.3200E-06,+909.3467239E-03,+996.9220981E-03
+374.7500E-06,+909.3467239E-03,+996.9220981E-03
+375.1800E-06,+899.5620866E-03,+996.9220981E-03
+375.6100E-06,+909.3467239E-03,+996.9220981E-03
+376.0400E-06,+909.3467239E-03,+996.9220981E-03
+376.4700E-06,+897.8966164E-03,+996.9220981E-03
+376.9000E-06,+909.3467239E-03,+984.7182217E-03
+377.3300E-06,+909.3467239E-03,+973.2322204E-03
+377.7600E-06,+910.8040103E-03,+996.9220981E-03
+378.1900E-06,+909.3467239E-03,+996.9220981E-03
+378.6200E-06,+909.3467239E-03,+978.9752210E-03
+379.0500E-06,+909.3467239E-03,+996.9220981E-03
+379.4800E-06,+909.3467239E-03,+996.9220981E-03
+379.9100E-06,+909.3467239E-03,+956.7210935E-03
+380.3400E-06,+914.1349507E-03,+980.4109712E-03
+380.7700E-06,+907.8894375E-03,+996.9220981E-03
+381.2000E-06,+909.3467239E-03,+1.0306622270E+00
+381.6300E-06,+909.3467239E-03,+996.9220981E-03
+382.0600E-06,+909.3467239E-03,+996.9220981E-03
+382.4900E-06,+909.5549077E-03,+957.4389686E-03
+382.9200E-06,+897.6884326E-03,+984.7182217E-03
+383.3500E-06,+904.5584971E-03,+980.4109712E-03
+383.7800E-06,+909.3467239E-03,+956.7210935E-03
+384.2100E-06,+907.4730700E-03,+990.4612224E-03
+384.6400E-06,+909.3467239E-03,+996.9220981E-03
+385.0700E-06,+909.3467239E-03,+967.4892197E-03
+385.5000E-06,+897.8966164E-03,+996.9220981E-03
+385.9300E-06,+909.3467239E-03,+996.9220981E-03
+386.3600E-06,+909.3467239E-03,+980.4109712E-03
+386.7900E-06,+910.8040103E-03,+996.9220981E-03
+387.2200E-06,+909.3467239E-03,+996.9220981E-03
+387.6500E-06,+909.3467239E-03,+974.6679706E-03
+388.0800E-06,+909.3467239E-03,+967.4892197E-03
+388.5100E-06,+920.7968315E-03,+996.2042230E-03
+388.9400E-06,+905.8075998E-03,+996.9220981E-03
+389.3700E-06,+921.0050153E-03,+996.9220981E-03
+389.8000E-06,+909.3467239E-03,+996.9220981E-03
+390.2300E-06,+909.3467239E-03,+996.9220981E-03
+390.6600E-06,+904.1421296E-03,+996.9220981E-03
+391.0900E-06,+909.3467239E-03,+996.9220981E-03
+391.5200E-06,+909.3467239E-03,+996.9220981E-03
+391.9500E-06,+909.3467239E-03,+996.9220981E-03
+392.3800E-06,+916.2167885E-03,+996.9220981E-03
+392.8100E-06,+909.3467239E-03,+996.9220981E-03
+393.2400E-06,+909.3467239E-03,+996.9220981E-03
+393.6700E-06,+909.3467239E-03,+996.9220981E-03
+394.1000E-06,+912.4694805E-03,+996.9220981E-03
+394.5300E-06,+920.7968315E-03,+996.9220981E-03
+394.9600E-06,+909.3467239E-03,+996.9220981E-03
+395.3900E-06,+909.3467239E-03,+996.9220981E-03
+395.8200E-06,+909.3467239E-03,+996.9220981E-03
+396.2500E-06,+909.3467239E-03,+996.9220981E-03
+396.6800E-06,+904.1421296E-03,+996.9220981E-03
+397.1100E-06,+900.8111892E-03,+996.9220981E-03
+397.5400E-06,+909.3467239E-03,+957.4389686E-03
+397.9700E-06,+912.8858481E-03,+968.9249699E-03
+398.4000E-06,+909.3467239E-03,+996.9220981E-03
+398.8300E-06,+907.8894375E-03,+996.9220981E-03
+399.2600E-06,+909.3467239E-03,+963.1819692E-03
+399.6900E-06,+902.8930269E-03,+996.9220981E-03
+400.1200E-06,+909.3467239E-03,+996.9220981E-03
+400.5500E-06,+909.3467239E-03,+996.9220981E-03
+400.9800E-06,+909.3467239E-03,+996.9220981E-03
+401.4100E-06,+909.3467239E-03,+996.9220981E-03
+401.8400E-06,+909.3467239E-03,+996.9220981E-03
+402.2700E-06,+909.3467239E-03,+963.1819692E-03
+402.7000E-06,+909.3467239E-03,+956.7210935E-03
+403.1300E-06,+909.3467239E-03,+996.9220981E-03
+403.5600E-06,+909.3467239E-03,+996.9220981E-03
+403.9900E-06,+909.3467239E-03,+968.9249699E-03
+404.4200E-06,+909.3467239E-03,+973.2322204E-03
+404.8500E-06,+909.3467239E-03,+991.8969725E-03
+405.2800E-06,+899.5620866E-03,+996.9220981E-03
+405.7100E-06,+909.3467239E-03,+996.9220981E-03
+406.1400E-06,+906.2239673E-03,+986.1539719E-03
+406.5700E-06,+909.3467239E-03,+957.4389686E-03
+407.0000E-06,+909.3467239E-03,+996.9220981E-03
+407.4300E-06,+909.3467239E-03,+996.9220981E-03
+407.8600E-06,+909.3467239E-03,+996.9220981E-03
+408.2900E-06,+909.3467239E-03,+956.7210935E-03
+408.7200E-06,+909.3467239E-03,+996.9220981E-03
+409.1500E-06,+909.3467239E-03,+967.4892197E-03
+409.5800E-06,+909.3467239E-03,+996.9220981E-03
+410.0100E-06,+912.8858481E-03,+1.0091259745E+00
+410.4400E-06,+909.3467239E-03,+1.0134332250E+00
+410.8700E-06,+919.5477288E-03,+996.9220981E-03
+411.3000E-06,+909.3467239E-03,+996.9220981E-03
+411.7300E-06,+909.3467239E-03,+978.9752210E-03
+412.1600E-06,+912.4694805E-03,+986.1539719E-03
+412.5900E-06,+920.7968315E-03,+957.4389686E-03
+413.0200E-06,+909.3467239E-03,+996.9220981E-03
+413.4500E-06,+904.5584971E-03,+996.9220981E-03
+413.8800E-06,+909.3467239E-03,+996.9220981E-03
+414.3100E-06,+909.3467239E-03,+996.9220981E-03
+414.7400E-06,+909.3467239E-03,+996.9220981E-03
+415.1700E-06,+906.2239673E-03,+996.9220981E-03
+415.6000E-06,+909.3467239E-03,+997.6399732E-03
+416.0300E-06,+909.3467239E-03,+996.9220981E-03
+416.4600E-06,+904.5584971E-03,+996.9220981E-03
+416.8900E-06,+909.3467239E-03,+996.9220981E-03
+417.3200E-06,+907.4730700E-03,+1.0306622270E+00
+417.7500E-06,+909.3467239E-03,+996.9220981E-03
+418.1800E-06,+909.3467239E-03,+996.9220981E-03
+418.6100E-06,+909.3467239E-03,+996.9220981E-03
+419.0400E-06,+909.3467239E-03,+1.0249192263E+00
+419.4700E-06,+909.3467239E-03,+1.0134332250E+00
+419.9000E-06,+909.3467239E-03,+996.9220981E-03
+420.3300E-06,+911.2203779E-03,+1.0306622270E+00
+420.7600E-06,+914.5513183E-03,+996.9220981E-03
+421.1900E-06,+917.8822587E-03,+986.1539719E-03
+421.6200E-06,+921.0050153E-03,+996.2042230E-03
+422.0500E-06,+909.3467239E-03,+984.7182217E-03
+422.4800E-06,+909.3467239E-03,+996.9220981E-03
+422.9100E-06,+909.3467239E-03,+996.9220981E-03
+423.3400E-06,+909.3467239E-03,+996.9220981E-03
+423.7700E-06,+909.3467239E-03,+978.9752210E-03
+424.2000E-06,+909.3467239E-03,+996.9220981E-03
+424.6300E-06,+909.3467239E-03,+958.1568437E-03
+425.0600E-06,+912.8858481E-03,+968.9249699E-03
+425.4900E-06,+916.2167885E-03,+996.9220981E-03
+425.9200E-06,+909.3467239E-03,+996.9220981E-03
+426.3500E-06,+909.3467239E-03,+963.1819692E-03
+426.7800E-06,+915.8004209E-03,+996.9220981E-03
+427.2100E-06,+909.3467239E-03,+967.4892197E-03
+427.6400E-06,+909.5549077E-03,+996.2042230E-03
+428.0700E-06,+909.3467239E-03,+996.9220981E-03
+428.5000E-06,+909.3467239E-03,+973.2322204E-03
+428.9300E-06,+919.5477288E-03,+996.9220981E-03
+429.3600E-06,+921.0050153E-03,+996.9220981E-03
+429.7900E-06,+915.8004209E-03,+996.9220981E-03
+430.2200E-06,+906.2239673E-03,+967.4892197E-03
+430.6500E-06,+909.3467239E-03,+996.9220981E-03
+431.0800E-06,+909.3467239E-03,+996.9220981E-03
+431.5100E-06,+916.2167885E-03,+996.9220981E-03
+431.9400E-06,+909.3467239E-03,+991.8969725E-03
+432.3700E-06,+909.3467239E-03,+990.4612224E-03
+432.8000E-06,+915.8004209E-03,+996.9220981E-03
+433.2300E-06,+909.3467239E-03,+996.9220981E-03
+433.6600E-06,+920.7968315E-03,+996.9220981E-03
+434.0900E-06,+909.3467239E-03,+996.9220981E-03
+434.5200E-06,+904.5584971E-03,+1.0206119758E+00
+434.9500E-06,+909.3467239E-03,+996.9220981E-03
+435.3800E-06,+909.3467239E-03,+996.9220981E-03
+435.8100E-06,+914.5513183E-03,+996.9220981E-03
+436.2400E-06,+914.7595021E-03,+996.9220981E-03
+436.6700E-06,+909.3467239E-03,+996.2042230E-03
+437.1000E-06,+909.3467239E-03,+996.9220981E-03
+437.5300E-06,+909.3467239E-03,+996.9220981E-03
+437.9600E-06,+909.3467239E-03,+961.7462191E-03
+438.3900E-06,+911.2203779E-03,+990.4612224E-03
+438.8200E-06,+908.0976213E-03,+974.6679706E-03
+439.2500E-06,+909.3467239E-03,+996.9220981E-03
+439.6800E-06,+909.1385402E-03,+996.2042230E-03
+440.1100E-06,+917.4658911E-03,+996.9220981E-03
+440.5400E-06,+909.3467239E-03,+996.9220981E-03
+440.9700E-06,+909.3467239E-03,+996.9220981E-03
+441.4000E-06,+909.3467239E-03,+996.9220981E-03
+441.8300E-06,+909.3467239E-03,+996.9220981E-03
+442.2600E-06,+909.3467239E-03,+996.9220981E-03
+442.6900E-06,+909.3467239E-03,+996.9220981E-03
+443.1200E-06,+912.8858481E-03,+996.9220981E-03
+443.5500E-06,+911.4285617E-03,+996.9220981E-03
+443.9800E-06,+909.3467239E-03,+991.8969725E-03
+444.4100E-06,+909.3467239E-03,+996.9220981E-03
+444.8400E-06,+910.5958266E-03,+996.9220981E-03
+445.2700E-06,+909.3467239E-03,+996.9220981E-03
+445.7000E-06,+920.7968315E-03,+996.9220981E-03
+446.1300E-06,+909.3467239E-03,+996.9220981E-03
+446.5600E-06,+909.3467239E-03,+996.9220981E-03
+446.9900E-06,+909.3467239E-03,+996.9220981E-03
+447.4200E-06,+909.3467239E-03,+996.9220981E-03
+447.8500E-06,+909.3467239E-03,+996.9220981E-03
+448.2800E-06,+912.4694805E-03,+996.9220981E-03
+448.7100E-06,+909.3467239E-03,+996.9220981E-03
+449.1400E-06,+909.3467239E-03,+996.9220981E-03
+449.5700E-06,+909.3467239E-03,+980.4109712E-03
+450.0000E-06,+909.3467239E-03,+996.9220981E-03
+450.4300E-06,+921.0050153E-03,+963.1819692E-03
+450.8600E-06,+909.3467239E-03,+974.6679706E-03
+451.2900E-06,+912.4694805E-03,+996.9220981E-03
+451.7200E-06,+909.3467239E-03,+957.4389686E-03
+452.1500E-06,+909.3467239E-03,+996.9220981E-03
+452.5800E-06,+909.3467239E-03,+996.9220981E-03
+453.0100E-06,+899.1457190E-03,+1.0019472237E+00
+453.4400E-06,+909.3467239E-03,+990.4612224E-03
+453.8700E-06,+909.3467239E-03,+956.7210935E-03
+454.3000E-06,+909.3467239E-03,+967.4892197E-03
+454.7300E-06,+909.3467239E-03,+957.4389686E-03
+455.1600E-06,+901.2275568E-03,+996.9220981E-03
+455.5900E-06,+916.2167885E-03,+980.4109712E-03
+456.0200E-06,+919.5477288E-03,+996.9220981E-03
+456.4500E-06,+909.3467239E-03,+963.1819692E-03
+456.8800E-06,+915.8004209E-03,+996.9220981E-03
+457.3100E-06,+909.3467239E-03,+996.9220981E-03
+457.7400E-06,+909.3467239E-03,+996.9220981E-03
+458.1700E-06,+912.8858481E-03,+996.9220981E-03
+458.6000E-06,+909.3467239E-03,+996.9220981E-03
+459.0300E-06,+909.3467239E-03,+996.9220981E-03
+459.4600E-06,+909.3467239E-03,+996.9220981E-03
+459.8900E-06,+909.3467239E-03,+996.9220981E-03
+460.3200E-06,+917.8822587E-03,+986.1539719E-03
+460.7500E-06,+909.3467239E-03,+996.9220981E-03
+461.1800E-06,+909.3467239E-03,+996.9220981E-03
+461.6100E-06,+909.3467239E-03,+973.2322204E-03
+462.0400E-06,+909.3467239E-03,+961.7462191E-03
+462.4700E-06,+909.3467239E-03,+963.1819692E-03
+462.9000E-06,+909.3467239E-03,+1.0148689752E+00
+463.3300E-06,+909.3467239E-03,+996.9220981E-03
+463.7600E-06,+920.7968315E-03,+996.9220981E-03
+464.1900E-06,+901.2275568E-03,+1.0371231027E+00
+464.6200E-06,+909.3467239E-03,+996.9220981E-03
+465.0500E-06,+919.5477288E-03,+996.9220981E-03
+465.4800E-06,+909.3467239E-03,+963.1819692E-03
+465.9100E-06,+915.8004209E-03,+996.9220981E-03
+466.3400E-06,+909.3467239E-03,+986.1539719E-03
+466.7700E-06,+909.3467239E-03,+996.9220981E-03
+467.2000E-06,+909.3467239E-03,+996.9220981E-03
+467.6300E-06,+909.3467239E-03,+1.0134332250E+00
+468.0600E-06,+909.3467239E-03,+996.9220981E-03
+468.4900E-06,+919.1313613E-03,+996.9220981E-03
+468.9200E-06,+909.3467239E-03,+996.9220981E-03
+469.3500E-06,+909.3467239E-03,+986.1539719E-03
+469.7800E-06,+909.3467239E-03,+996.9220981E-03
+470.2100E-06,+909.3467239E-03,+996.9220981E-03
+470.6400E-06,+909.3467239E-03,+996.9220981E-03
+471.0700E-06,+910.8040103E-03,+996.9220981E-03
+471.5000E-06,+909.3467239E-03,+996.9220981E-03
+471.9300E-06,+915.8004209E-03,+996.9220981E-03
+472.3600E-06,+912.4694805E-03,+996.9220981E-03
+472.7900E-06,+909.3467239E-03,+957.4389686E-03
+473.2200E-06,+917.4658911E-03,+996.9220981E-03
+473.6500E-06,+897.6884326E-03,+973.2322204E-03
+474.0800E-06,+910.8040103E-03,+996.9220981E-03
+474.5100E-06,+919.1313613E-03,+963.1819692E-03
+474.9400E-06,+909.3467239E-03,+996.9220981E-03
+475.3700E-06,+912.4694805E-03,+996.9220981E-03
+475.8000E-06,+920.7968315E-03,+956.7210935E-03
+476.2300E-06,+909.3467239E-03,+996.9220981E-03
+476.6600E-06,+909.3467239E-03,+973.2322204E-03
+477.0900E-06,+921.0050153E-03,+996.9220981E-03
+477.5200E-06,+919.1313613E-03,+996.9220981E-03
+477.9500E-06,+909.3467239E-03,+996.9220981E-03
+478.3800E-06,+909.3467239E-03,+996.9220981E-03
+478.8100E-06,+909.5549077E-03,+996.9220981E-03
+479.2400E-06,+912.8858481E-03,+968.9249699E-03
+479.6700E-06,+904.5584971E-03,+973.2322204E-03
+480.1000E-06,+910.8040103E-03,+996.9220981E-03
+480.5300E-06,+911.2203779E-03,+996.9220981E-03
+480.9600E-06,+909.3467239E-03,+974.6679706E-03
+481.3900E-06,+909.3467239E-03,+996.9220981E-03
+481.8200E-06,+920.7968315E-03,+996.9220981E-03
+482.2500E-06,+917.4658911E-03,+968.9249699E-03
+482.6800E-06,+909.3467239E-03,+996.9220981E-03
+483.1100E-06,+909.3467239E-03,+996.9220981E-03
+483.5400E-06,+919.1313613E-03,+990.4612224E-03
+483.9700E-06,+909.3467239E-03,+978.9752210E-03
+484.4000E-06,+912.4694805E-03,+967.4892197E-03
+484.8300E-06,+920.7968315E-03,+996.9220981E-03
+485.2600E-06,+912.8858481E-03,+996.9220981E-03
+485.6900E-06,+909.3467239E-03,+996.9220981E-03
+486.1200E-06,+899.1457190E-03,+996.9220981E-03
+486.5500E-06,+909.3467239E-03,+996.9220981E-03
+486.9800E-06,+909.3467239E-03,+996.9220981E-03
+487.4100E-06,+909.3467239E-03,+967.4892197E-03
+487.8400E-06,+909.5549077E-03,+996.9220981E-03
+488.2700E-06,+909.3467239E-03,+956.7210935E-03
+488.7000E-06,+909.3467239E-03,+996.9220981E-03
+489.1300E-06,+909.3467239E-03,+996.9220981E-03
+489.5600E-06,+909.3467239E-03,+996.9220981E-03
+489.9900E-06,+909.3467239E-03,+974.6679706E-03
+490.4200E-06,+909.3467239E-03,+967.4892197E-03
+490.8500E-06,+920.7968315E-03,+957.4389686E-03
+491.2800E-06,+909.3467239E-03,+996.9220981E-03
+491.7100E-06,+914.1349507E-03,+996.9220981E-03
+492.1400E-06,+909.3467239E-03,+996.9220981E-03
+492.5700E-06,+909.3467239E-03,+990.4612224E-03
+493.0000E-06,+914.5513183E-03,+996.9220981E-03
+493.4300E-06,+917.8822587E-03,+996.9220981E-03
+493.8600E-06,+909.3467239E-03,+957.4389686E-03
+494.2900E-06,+912.8858481E-03,+996.9220981E-03
+494.7200E-06,+916.2167885E-03,+996.9220981E-03
+495.1500E-06,+909.3467239E-03,+956.7210935E-03
+495.5800E-06,+909.3467239E-03,+963.1819692E-03
+496.0100E-06,+909.3467239E-03,+996.9220981E-03
+496.4400E-06,+909.3467239E-03,+996.9220981E-03
+496.8700E-06,+909.3467239E-03,+996.9220981E-03
+497.3000E-06,+917.4658911E-03,+996.9220981E-03
+497.7300E-06,+909.3467239E-03,+996.9220981E-03
+498.1600E-06,+909.3467239E-03,+991.8969725E-03
+498.5900E-06,+919.1313613E-03,+996.9220981E-03
+499.0200E-06,+909.3467239E-03,+996.9220981E-03
+499.4500E-06,+909.3467239E-03,+967.4892197E-03
+499.8800E-06,+920.5886477E-03,+996.9220981E-03
+500.3100E-06,+901.2275568E-03,-1.0289213834E+00
+500.7400E-06,+886.0301413E-03,-1.0131281316E+00
+501.1700E-06,+862.7135586E-03,-1.0181532572E+00
+501.6000E-06,+852.9289212E-03,-1.0468682605E+00
+502.0300E-06,+839.3969759E-03,-1.0131281316E+00
+502.4600E-06,+827.7386846E-03,-1.0238962579E+00
+502.8900E-06,+827.5305008E-03,-1.0138460067E+00
+503.3200E-06,+812.5412691E-03,-1.0131281316E+00
+503.7500E-06,+792.7638106E-03,-1.0131281316E+00
+504.1800E-06,+781.1055193E-03,-1.0181532572E+00
+504.6100E-06,+769.4472279E-03,-1.0131281316E+00
+505.0400E-06,+751.3352396E-03,-1.0310750087E+00
+505.4700E-06,+746.1306453E-03,-1.0023600054E+00
+505.9000E-06,+734.4723539E-03,-1.0138460067E+00
+506.3300E-06,+722.8140626E-03,-1.0131281316E+00
+506.7600E-06,+711.1557713E-03,-1.0368180093E+00
+507.1900E-06,+699.4974799E-03,-1.0483040106E+00
+507.6200E-06,+685.9655346E-03,-1.0195890074E+00
+508.0500E-06,+670.9763029E-03,-1.0174353821E+00
+508.4800E-06,+661.3998493E-03,-1.0533291362E+00
+508.9100E-06,+653.0724984E-03,-1.0533291362E+00
+509.3400E-06,+633.0868561E-03,-1.0411252598E+00
+509.7700E-06,+624.7595052E-03,-1.0131281316E+00
+510.2000E-06,+617.8894406E-03,-1.0131281316E+00
+510.6300E-06,+604.3574953E-03,-1.0468682605E+00
+511.0600E-06,+589.3682636E-03,-1.0533291362E+00
+511.4900E-06,+591.4501013E-03,-1.0023600054E+00
+511.9200E-06,+571.0480915E-03,-1.0526112611E+00
+512.3500E-06,+559.5979840E-03,-1.0533291362E+00
+512.7800E-06,+547.9396926E-03,-1.0533291362E+00
+513.2100E-06,+536.2814013E-03,-1.0533291362E+00
+513.6400E-06,+522.7494560E-03,-1.0468682605E+00
+514.0700E-06,+524.6231100E-03,-1.0533291362E+00
+514.5000E-06,+509.8420620E-03,-1.0533291362E+00
+514.9300E-06,+501.0983435E-03,-1.0533291362E+00
+515.3600E-06,+489.6482360E-03,-1.0533291362E+00
+515.7900E-06,+477.9899446E-03,-1.0698402631E+00
+516.2200E-06,+477.9899446E-03,-1.0483040106E+00
+516.6500E-06,+454.6733620E-03,-1.0468682605E+00
+517.0800E-06,+448.2196650E-03,-1.0533291362E+00
+517.5100E-06,+439.8923140E-03,-1.0533291362E+00
+517.9400E-06,+431.3567793E-03,-1.0131281316E+00
+518.3700E-06,+411.5793208E-03,-1.0533291362E+00
+518.8000E-06,+414.9102612E-03,-1.0368180093E+00
+519.2300E-06,+396.3819053E-03,-1.0885050152E+00
+519.6600E-06,+394.5082513E-03,-1.0195890074E+00
+520.0900E-06,+384.7236140E-03,-1.0533291362E+00
+520.5200E-06,+361.4070313E-03,-1.0425610100E+00
+520.9500E-06,+361.1988475E-03,-1.0533291362E+00
+521.3800E-06,+349.7487400E-03,-1.0411252598E+00
+521.8100E-06,+338.0904486E-03,-1.0698402631E+00
+522.2400E-06,+327.8894437E-03,-1.0533291362E+00
+522.6700E-06,+316.6475199E-03,-1.0195890074E+00
+523.1000E-06,+308.3201690E-03,-1.0353822592E+00
+523.5300E-06,+303.1155746E-03,-1.0238962579E+00
+523.9600E-06,+291.4572833E-03,-1.0533291362E+00
+524.3900E-06,+279.7989920E-03,-1.0131281316E+00
+524.8200E-06,+272.9289274E-03,-1.0368180093E+00
+525.2500E-06,+278.3417056E-03,-1.0533291362E+00
+525.6800E-06,+268.1407006E-03,-1.0468682605E+00
+526.1100E-06,+250.0287123E-03,-1.0533291362E+00
+526.5400E-06,+241.7013614E-03,-1.0238962579E+00
+526.9700E-06,+221.7157191E-03,-1.0138460067E+00
+527.4000E-06,+221.5075353E-03,-1.0533291362E+00
+527.8300E-06,+221.5075353E-03,-1.0296392585E+00
+528.2600E-06,+208.3919576E-03,-1.0483040106E+00
+528.6900E-06,+198.1909527E-03,-1.0468682605E+00
+529.1200E-06,+186.5326613E-03,-1.0533291362E+00
+529.5500E-06,+174.8743700E-03,-1.0533291362E+00
+529.9800E-06,+174.8743700E-03,-1.0533291362E+00
+530.4100E-06,+163.2160787E-03,-1.0411252598E+00
+530.8400E-06,+158.4278519E-03,-1.0533291362E+00
+531.2700E-06,+150.1005009E-03,-1.0533291362E+00
+531.7000E-06,+139.8994960E-03,-1.0131281316E+00
+532.1300E-06,+128.2412047E-03,-1.0353822592E+00
+532.5600E-06,+128.2412047E-03,-1.0533291362E+00
+532.9900E-06,+116.7910971E-03,-1.0526112611E+00
+533.4200E-06,+108.4637461E-03,-1.0253320080E+00
+533.8500E-06,+111.7946865E-03,-1.0368180093E+00
+534.2800E-06,+103.4673356E-03,-1.0483040106E+00
+534.7100E-06,+83.4816933E-03,-1.0533291362E+00
+535.1400E-06,+88.0617363E-03,-1.0310750087E+00
+535.5700E-06,+69.9497480E-03,-1.0533291362E+00
+536.0000E-06,+69.9497480E-03,-1.0138460067E+00
+536.4300E-06,+58.2914567E-03,-1.0253320080E+00
+536.8600E-06,+53.5032299E-03,-1.0131281316E+00
+537.2900E-06,+45.1758789E-03,-1.0533291362E+00
+537.7200E-06,+46.6331653E-03,-1.0131281316E+00
+538.1500E-06,+29.7702797E-03,-1.0131281316E+00
+538.5800E-06,+14.7810479E-03,-1.0425610100E+00
+539.0100E-06,+11.8664751E-03,-1.0533291362E+00
+539.4400E-06,+15.1974155E-03,-1.0533291362E+00
+539.8700E-06,+6.8700645E-03,-1.0131281316E+00
+540.3000E-06,+0.0E+00,-1.0131281316E+00
+540.7300E-06,-1.8736540E-03,-1.0533291362E+00
+541.1600E-06,-18.1119883E-03,-1.0353822592E+00
+541.5900E-06,-28.7293608E-03,-1.0131281316E+00
+542.0200E-06,-23.5247664E-03,-1.0131281316E+00
+542.4500E-06,-31.4357498E-03,-1.0533291362E+00
+542.8800E-06,-46.6331653E-03,-1.0131281316E+00
+543.3100E-06,-46.6331653E-03,-1.0533291362E+00
+543.7400E-06,-58.2914567E-03,-1.0131281316E+00
+544.1700E-06,-58.2914567E-03,-1.0310750087E+00
+544.6000E-06,-69.9497480E-03,-1.0533291362E+00
+545.0300E-06,-58.4996404E-03,-1.0526112612E+00
+545.4600E-06,-73.4888721E-03,-1.0533291362E+00
+545.8900E-06,-81.6080393E-03,-1.0533291362E+00
+546.3200E-06,-93.2663307E-03,-1.0483040106E+00
+546.7500E-06,-104.9246220E-03,-1.0533291362E+00
+547.1800E-06,-104.9246220E-03,-1.0131281316E+00
+547.6100E-06,-104.9246220E-03,-1.0238962579E+00
+548.0400E-06,-105.1328058E-03,-1.0533291362E+00
+548.4700E-06,-116.5829133E-03,-1.0253320080E+00
+548.9000E-06,-121.3711401E-03,-1.0533291362E+00
+549.3300E-06,-118.0401997E-03,-1.0181532572E+00
+549.7600E-06,-138.0258420E-03,-1.0533291362E+00
+550.1900E-06,-146.3531930E-03,-1.0310750087E+00
+550.6200E-06,-148.4350307E-03,-1.0533291362E+00
+551.0500E-06,-163.0078949E-03,-1.0526112612E+00
+551.4800E-06,-159.6769545E-03,-1.0253320080E+00
+551.9100E-06,-163.2160787E-03,-1.0296392585E+00
+552.3400E-06,-163.2160787E-03,-1.0533291362E+00
+552.7700E-06,-184.6590074E-03,-1.0468682605E+00
+553.2000E-06,-178.8298617E-03,-1.0533291362E+00
+553.6300E-06,-186.5326613E-03,-1.0425610100E+00
+554.0600E-06,-186.7408451E-03,-1.0533291362E+00
+554.4900E-06,-190.0717855E-03,-1.0533291362E+00
+554.9200E-06,-198.1909527E-03,-1.0296392585E+00
+555.3500E-06,-209.8492440E-03,-1.0131281316E+00
+555.7800E-06,-211.7228979E-03,-1.0533291362E+00
+556.2100E-06,-221.5075353E-03,-1.0353822592E+00
+556.6400E-06,-221.5075353E-03,-1.0533291362E+00
+557.0700E-06,-233.1658266E-03,-1.0526112612E+00
+557.5000E-06,-228.5857836E-03,-1.0253320080E+00
+557.9300E-06,-244.8241180E-03,-1.0368180093E+00
+558.3600E-06,-246.2814044E-03,-1.0533291362E+00
+558.7900E-06,-246.6977719E-03,-1.0195890074E+00
+559.2200E-06,-256.4824093E-03,-1.0310750087E+00
+559.6500E-06,-256.4824093E-03,-1.0533291362E+00
+560.0800E-06,-256.6905931E-03,-1.0526112612E+00
+560.5100E-06,-260.0215335E-03,-1.0253320080E+00
+560.9400E-06,-268.1407006E-03,-1.0296392585E+00
+561.3700E-06,-279.7989920E-03,-1.0483040106E+00
+561.8000E-06,-279.7989920E-03,-1.0195890073E+00
+562.2300E-06,-291.4572833E-03,-1.0533291362E+00
+562.6600E-06,-291.4572833E-03,-1.0640972625E+00
+563.0900E-06,-291.4572833E-03,-1.0533291362E+00
+563.5200E-06,-294.9964075E-03,-1.0131281316E+00
+563.9500E-06,-303.1155746E-03,-1.0368180093E+00
+564.3800E-06,-323.5175845E-03,-1.0181532572E+00
+564.8100E-06,-312.9002120E-03,-1.0131281316E+00
+565.2400E-06,-314.7738660E-03,-1.0353822592E+00
+565.6700E-06,-323.3094007E-03,-1.0425610100E+00
+566.1000E-06,-338.0904486E-03,-1.0533291362E+00
+566.5300E-06,-329.9712815E-03,-1.0253320080E+00
+566.9600E-06,-331.2203841E-03,-1.0131281316E+00
+567.3900E-06,-338.0904486E-03,-1.0181532572E+00
+567.8200E-06,-347.8750860E-03,-1.0195890073E+00
+568.2500E-06,-343.2950430E-03,-1.0353822592E+00
+568.6800E-06,-358.2842747E-03,-1.0238962579E+00
+569.1100E-06,-361.4070313E-03,-1.0526112612E+00
+569.5400E-06,-369.5261985E-03,-1.0533291362E+00
+569.9700E-06,-366.1952581E-03,-1.0368180093E+00
+570.4000E-06,-373.0653226E-03,-1.0483040106E+00
+570.8300E-06,-373.0653226E-03,-1.0533291362E+00
+571.2600E-06,-379.5190196E-03,-1.0533291362E+00
+571.6900E-06,-384.7236140E-03,-1.0533291362E+00
+572.1200E-06,-395.9655378E-03,-1.0533291362E+00
+572.5500E-06,-388.2627381E-03,-1.0411252598E+00
+572.9800E-06,-396.3819053E-03,-1.0368180093E+00
+573.4100E-06,-396.3819053E-03,-1.0131281316E+00
+573.8400E-06,-398.2555593E-03,-1.0533291362E+00
+574.2700E-06,-408.0401966E-03,-1.0310750087E+00
+574.7000E-06,-408.0401966E-03,-1.0131281316E+00
+575.1300E-06,-408.0401966E-03,-1.0533291362E+00
+575.5600E-06,-419.6984880E-03,-1.0131281316E+00
+575.9900E-06,-419.6984880E-03,-1.0296392585E+00
+576.4200E-06,-419.6984880E-03,-1.0131281316E+00
+576.8500E-06,-429.4831253E-03,-1.0131281316E+00
+577.2800E-06,-437.8104763E-03,-1.0131281316E+00
+577.7100E-06,-434.4795359E-03,-1.0533291362E+00
+578.1400E-06,-431.3567793E-03,-1.0138460067E+00
+578.5700E-06,-439.4759465E-03,-1.0009242553E+00
+579.0000E-06,-449.8851352E-03,-1.0533291362E+00
+579.4300E-06,-453.2160755E-03,-1.0533291362E+00
+579.8600E-06,-450.9260540E-03,-1.0195890073E+00
+580.2900E-06,-459.8779563E-03,-1.0131281316E+00
+580.7200E-06,-466.3316533E-03,-1.0533291362E+00
+581.1500E-06,-466.3316533E-03,-1.0526112612E+00
+581.5800E-06,-466.3316533E-03,-1.0131281316E+00
+582.0100E-06,-466.3316533E-03,-1.0368180093E+00
+582.4400E-06,-467.7889397E-03,-1.0483040106E+00
+582.8700E-06,-477.9899446E-03,-1.0195890073E+00
+583.3000E-06,-477.9899446E-03,-1.0310750087E+00
+583.7300E-06,-486.5254793E-03,-1.0238962579E+00
+584.1600E-06,-489.4400522E-03,-1.0533291362E+00
+584.5900E-06,-489.6482360E-03,-1.0533291362E+00
+585.0200E-06,-489.6482360E-03,-1.0533291362E+00
+585.4500E-06,-489.6482360E-03,-1.0483040106E+00
+585.8800E-06,-511.0911647E-03,-1.0131281316E+00
+586.3100E-06,-506.5111216E-03,-1.0533291362E+00
+586.7400E-06,-504.4292839E-03,-1.0131281316E+00
+587.1700E-06,-512.7566349E-03,-1.0526112612E+00
+587.6000E-06,-516.5039428E-03,-1.0533291362E+00
+588.0300E-06,-512.9648186E-03,-1.0368180093E+00
+588.4600E-06,-514.4221051E-03,-1.0533291362E+00
+588.8900E-06,-522.7494560E-03,-1.0468682605E+00
+589.3200E-06,-524.6231100E-03,-1.0310750087E+00
+589.7500E-06,-533.1586447E-03,-1.0131281316E+00
+590.1800E-06,-524.6231100E-03,-1.0526112612E+00
+590.6100E-06,-536.2814013E-03,-1.0253320080E+00
+591.0400E-06,-543.1514658E-03,-1.0368180093E+00
+591.4700E-06,-536.2814013E-03,-1.0181532572E+00
+591.9000E-06,-536.2814013E-03,-1.0468682605E+00
+592.3300E-06,-536.2814013E-03,-1.0533291362E+00
+592.7600E-06,-559.5979840E-03,-1.0238962579E+00
+593.1900E-06,-548.1478764E-03,-1.0533291362E+00
+593.6200E-06,-556.0588598E-03,-1.0411252599E+00
+594.0500E-06,-547.9396926E-03,-1.0533291362E+00
+594.4800E-06,-547.9396926E-03,-1.0483040106E+00
+594.9100E-06,-559.5979840E-03,-1.0195890073E+00
+595.3400E-06,-566.0516810E-03,-1.0533291362E+00
+595.7700E-06,-562.7207406E-03,-1.0131281316E+00
+596.2000E-06,-571.2562753E-03,-1.0526112612E+00
+596.6300E-06,-571.2562753E-03,-1.0253320080E+00
+597.0600E-06,-571.2562753E-03,-1.0533291362E+00
+597.4900E-06,-571.2562753E-03,-1.0533291362E+00
+597.9200E-06,-581.0409127E-03,-1.0131281316E+00
+598.3500E-06,-582.9145666E-03,-1.0533291362E+00
+598.7800E-06,-582.9145666E-03,-1.0425610100E+00
+599.2100E-06,-583.1227504E-03,-1.0138460067E+00
+599.6400E-06,-582.9145666E-03,-1.0131281316E+00
+600.0700E-06,-594.5728580E-03,-1.0131281316E+00
+600.5000E-06,-594.5728580E-03,-1.0483040106E+00
+600.9300E-06,-594.5728580E-03,-1.0533291362E+00
+601.3600E-06,-599.7774523E-03,-1.0310750086E+00
+601.7900E-06,-597.6956146E-03,-1.0238962579E+00
+602.2200E-06,-606.2311493E-03,-1.0533291362E+00
+602.6500E-06,-598.1119821E-03,-1.0411252599E+00
+603.0800E-06,-606.2311493E-03,-1.0368180093E+00
+603.5100E-06,-616.4321542E-03,-1.0181532572E+00
+603.9400E-06,-606.2311493E-03,-1.0533291362E+00
+604.3700E-06,-611.4357436E-03,-1.0310750086E+00
+604.8000E-06,-614.7666840E-03,-1.0533291362E+00
+605.2300E-06,-617.8894406E-03,-1.0533291362E+00
+605.6600E-06,-609.7702734E-03,-1.0533291362E+00
+606.0900E-06,-622.6776674E-03,-1.0533291362E+00
+606.5200E-06,-619.3467270E-03,-1.0483040106E+00
+606.9500E-06,-629.5477320E-03,-1.0468682605E+00
+607.3800E-06,-634.7523263E-03,-1.0131281316E+00
+607.8100E-06,-632.6704886E-03,-1.0131281316E+00
+608.2400E-06,-629.7559157E-03,-1.0533291362E+00
+608.6700E-06,-641.2060233E-03,-1.0253320080E+00
+609.1000E-06,-629.5477320E-03,-1.0131281316E+00
+609.5300E-06,-642.6633097E-03,-1.0131281316E+00
+609.9600E-06,-639.3323693E-03,-1.0533291362E+00
+610.3900E-06,-641.2060233E-03,-1.0533291362E+00
+610.8200E-06,-644.3287799E-03,-1.0317928837E+00
+611.2500E-06,-641.2060233E-03,-1.0131281316E+00
+611.6800E-06,-652.8643146E-03,-1.0411252599E+00
+612.1100E-06,-648.0760878E-03,-1.0131281316E+00
+612.5400E-06,-652.8643146E-03,-1.0131281316E+00
+612.9700E-06,-652.8643146E-03,-1.0533291362E+00
+613.4000E-06,-658.0689090E-03,-1.0310750086E+00
+613.8300E-06,-664.5226059E-03,-1.0131281316E+00
+614.2600E-06,-664.5226059E-03,-1.0526112612E+00
+614.6900E-06,-664.5226059E-03,-1.0533291362E+00
+615.1200E-06,-664.5226059E-03,-1.0131281316E+00
+615.5500E-06,-676.1808973E-03,-1.0131281316E+00
+615.9800E-06,-664.5226059E-03,-1.0131281316E+00
+616.4100E-06,-664.5226059E-03,-1.0533291362E+00
+616.8400E-06,-667.6453626E-03,-1.0533291362E+00
+617.2700E-06,-687.6310048E-03,-1.0138460067E+00
+617.7000E-06,-676.1808973E-03,-1.0533291362E+00
+618.1300E-06,-676.1808973E-03,-1.0296392586E+00
+618.5600E-06,-677.6381837E-03,-1.0533291362E+00
+618.9900E-06,-685.9655347E-03,-1.0195890073E+00
+619.4200E-06,-681.3854916E-03,-1.0533291362E+00
+619.8500E-06,-696.3747233E-03,-1.0238962579E+00
+620.2800E-06,-687.8391886E-03,-1.0526112612E+00
+620.7100E-06,-687.8391886E-03,-1.0131281316E+00
+621.1400E-06,-694.7092531E-03,-1.0533291362E+00
+621.5700E-06,-689.2964750E-03,-1.0181532572E+00
+622.0000E-06,-699.4974799E-03,-1.0195890073E+00
+622.4300E-06,-693.0437829E-03,-1.0310750086E+00
+622.8600E-06,-699.4974799E-03,-1.0238962579E+00
+623.2900E-06,-699.2892962E-03,-1.0526112612E+00
+623.7200E-06,-699.4974799E-03,-1.0253320080E+00
+624.1500E-06,-699.4974799E-03,-1.0533291362E+00
+624.5800E-06,-709.6984849E-03,-1.0533291362E+00
+625.0100E-06,-699.4974799E-03,-1.0533291362E+00
+625.4400E-06,-711.1557713E-03,-1.0353822592E+00
+625.8700E-06,-708.0330147E-03,-1.0131281316E+00
+626.3000E-06,-711.1557713E-03,-1.0533291362E+00
+626.7300E-06,-711.1557713E-03,-1.0253320080E+00
+627.1600E-06,-718.0258358E-03,-1.0296392586E+00
+627.5900E-06,-711.1557713E-03,-1.0131281316E+00
+628.0200E-06,-711.1557713E-03,-1.0468682605E+00
+628.4500E-06,-716.3603656E-03,-1.0533291362E+00
+628.8800E-06,-719.6913060E-03,-1.0425610100E+00
+629.3100E-06,-722.8140626E-03,-1.0131281316E+00
+629.7400E-06,-722.8140626E-03,-1.0131281316E+00
+630.1700E-06,-727.6022894E-03,-1.0533291362E+00
+630.6000E-06,-722.8140626E-03,-1.0533291362E+00
+631.0300E-06,-722.8140626E-03,-1.0468682605E+00
+631.4600E-06,-728.0186569E-03,-1.0533291362E+00
+631.8900E-06,-734.4723539E-03,-1.0425610100E+00
+632.3200E-06,-722.8140626E-03,-1.0526112612E+00
+632.7500E-06,-734.4723539E-03,-1.0533291362E+00
+633.1800E-06,-734.4723539E-03,-1.0533291362E+00
+633.6100E-06,-734.4723539E-03,-1.0483040106E+00
+634.0400E-06,-746.1306453E-03,-1.0195890073E+00
+634.4700E-06,-739.6769483E-03,-1.0310750086E+00
+634.9000E-06,-734.4723539E-03,-1.0533291362E+00
+635.3300E-06,-745.9224615E-03,-1.0533291362E+00
+635.7600E-06,-746.1306453E-03,-1.0533291362E+00
+636.1900E-06,-746.1306453E-03,-1.0368180093E+00
+636.6200E-06,-744.6733588E-03,-1.0181532572E+00
+637.0500E-06,-748.0042992E-03,-1.0195890073E+00
+637.4800E-06,-751.3352396E-03,-1.0310750086E+00
+637.9100E-06,-746.1306453E-03,-1.0425610100E+00
+638.3400E-06,-746.1306453E-03,-1.0526112612E+00
+638.7700E-06,-746.1306453E-03,-1.0533291362E+00
+639.2000E-06,-744.0488076E-03,-1.0368180093E+00
+639.6300E-06,-757.7889366E-03,-1.0483040106E+00
+640.0600E-06,-757.7889366E-03,-1.0195890073E+00
+640.4900E-06,-764.2426336E-03,-1.0533291362E+00
+640.9200E-06,-754.6661800E-03,-1.0425610099E+00
+641.3500E-06,-757.7889366E-03,-1.0138460067E+00
+641.7800E-06,-757.7889366E-03,-1.0411252599E+00
+642.2100E-06,-757.7889366E-03,-1.0368180093E+00
+642.6400E-06,-757.7889366E-03,-1.0533291362E+00
+643.0700E-06,-767.5735740E-03,-1.0533291362E+00
+643.5000E-06,-764.2426336E-03,-1.0533291362E+00
+643.9300E-06,-769.4472279E-03,-1.0533291362E+00
+644.3600E-06,-769.6554117E-03,-1.0526112612E+00
+644.7900E-06,-765.9081038E-03,-1.0533291362E+00
+645.2200E-06,-769.4472279E-03,-1.0533291362E+00
+645.6500E-06,-769.4472279E-03,-1.0181532572E+00
+646.0800E-06,-769.4472279E-03,-1.0533291362E+00
+646.5100E-06,-774.6518223E-03,-1.0310750086E+00
+646.9400E-06,-777.9827627E-03,-1.0533291362E+00
+647.3700E-06,-781.1055193E-03,-1.0138460067E+00
+647.8000E-06,-777.5663951E-03,-1.0533291362E+00
+648.2300E-06,-781.1055193E-03,-1.0368180093E+00
+648.6600E-06,-791.3065242E-03,-1.0533291362E+00
+649.0900E-06,-781.1055193E-03,-1.0131281316E+00
+649.5200E-06,-781.1055193E-03,-1.0131281316E+00
+649.9500E-06,-781.1055193E-03,-1.0131281316E+00
+650.3800E-06,-781.1055193E-03,-1.0138460067E+00
+650.8100E-06,-789.2246865E-03,-1.0253320080E+00
+651.2400E-06,-785.8937461E-03,-1.0368180093E+00
+651.6700E-06,-791.3065242E-03,-1.0181532572E+00
+652.1000E-06,-800.6747940E-03,-1.0533291362E+00
+652.5300E-06,-781.1055193E-03,-1.0310750086E+00
+652.9600E-06,-789.6410540E-03,-1.0238962579E+00
+653.3900E-06,-792.7638106E-03,-1.0533291362E+00
+653.8200E-06,-792.7638106E-03,-1.0253320080E+00
+654.2500E-06,-792.7638106E-03,-1.0296392586E+00
+654.6800E-06,-794.2210970E-03,-1.0181532572E+00
+655.1100E-06,-794.6374646E-03,-1.0131281316E+00
+655.5400E-06,-792.7638106E-03,-1.0353822592E+00
+655.9700E-06,-801.2993453E-03,-1.0533291362E+00
+656.4000E-06,-804.2139182E-03,-1.0533291362E+00
+656.8300E-06,-800.8829778E-03,-1.0411252599E+00
+657.2600E-06,-797.5520374E-03,-1.0368180093E+00
+657.6900E-06,-802.9648155E-03,-1.0181532573E+00
+658.1200E-06,-804.4221019E-03,-1.0195890073E+00
+658.5500E-06,-797.9684049E-03,-1.0310750086E+00
+658.9800E-06,-804.4221019E-03,-1.0131281316E+00
+659.4100E-06,-804.6302857E-03,-1.0526112612E+00
+659.8400E-06,-796.3029347E-03,-1.0411252599E+00
+660.2700E-06,-804.4221019E-03,-1.0368180093E+00
+660.7000E-06,-804.4221019E-03,-1.0533291362E+00
+661.1300E-06,-804.4221019E-03,-1.0195890073E+00
+661.5600E-06,-804.4221019E-03,-1.0353822592E+00
+661.9900E-06,-804.4221019E-03,-1.0425610099E+00
+662.4200E-06,-804.4221019E-03,-1.0131281316E+00
+662.8500E-06,-812.5412691E-03,-1.0411252599E+00
+663.2800E-06,-816.0803933E-03,-1.0131281316E+00
+663.7100E-06,-816.0803933E-03,-1.0181532573E+00
+664.1400E-06,-814.2067393E-03,-1.0533291362E+00
+664.5700E-06,-822.5340903E-03,-1.0131281316E+00
+665.0000E-06,-807.5448586E-03,-1.0425610099E+00
+665.4300E-06,-816.0803933E-03,-1.0131281316E+00
+665.8600E-06,-812.5412691E-03,-1.0131281316E+00
+666.2900E-06,-816.0803933E-03,-1.0368180093E+00
+666.7200E-06,-816.0803933E-03,-1.0483040106E+00
+667.1500E-06,-827.7386846E-03,-1.0195890073E+00
+667.5800E-06,-822.5340903E-03,-1.0310750086E+00
+668.0100E-06,-816.0803933E-03,-1.0425610099E+00
+668.4400E-06,-827.7386846E-03,-1.0533291362E+00
+668.8700E-06,-824.1995605E-03,-1.0411252599E+00
+669.3000E-06,-827.7386846E-03,-1.0533291362E+00
+669.7300E-06,-826.2813982E-03,-1.0483040106E+00
+670.1600E-06,-827.7386846E-03,-1.0195890073E+00
+670.5900E-06,-821.2849876E-03,-1.0533291362E+00
+671.0200E-06,-827.7386846E-03,-1.0238962579E+00
+671.4500E-06,-827.7386846E-03,-1.0131281316E+00
+671.8800E-06,-827.7386846E-03,-1.0131281316E+00
+672.3100E-06,-822.9504578E-03,-1.0296392586E+00
+672.7400E-06,-829.1959710E-03,-1.0483040106E+00
+673.1700E-06,-829.6123386E-03,-1.0468682605E+00
+673.6000E-06,-839.3969759E-03,-1.0533291362E+00
+674.0300E-06,-827.7386846E-03,-1.0533291362E+00
+674.4600E-06,-827.9468684E-03,-1.0131281316E+00
+674.8900E-06,-835.8578518E-03,-1.0533291362E+00
+675.3200E-06,-832.5269114E-03,-1.0131281316E+00
+675.7500E-06,-829.1959710E-03,-1.0181532573E+00
+676.1800E-06,-837.5233220E-03,-1.0468682605E+00
+676.6100E-06,-834.1923816E-03,-1.0353822592E+00
+677.0400E-06,-842.5197326E-03,-1.0425610099E+00
+677.4700E-06,-839.3969759E-03,-1.0138460067E+00
+677.9000E-06,-839.3969759E-03,-1.0375358843E+00
+678.3300E-06,-839.3969759E-03,-1.0131281316E+00
+678.7600E-06,-840.8542624E-03,-1.0533291362E+00
+679.1900E-06,-839.3969759E-03,-1.0468682605E+00
+679.6200E-06,-839.3969759E-03,-1.0533291362E+00
+680.0500E-06,-839.3969759E-03,-1.0131281316E+00
+680.4800E-06,-839.6051597E-03,-1.0533291362E+00
+680.9100E-06,-843.9770190E-03,-1.0411252599E+00
+681.3400E-06,-851.0552673E-03,-1.0296392586E+00
+681.7700E-06,-840.8542624E-03,-1.0131281316E+00
+682.2000E-06,-839.3969759E-03,-1.0195890073E+00
+682.6300E-06,-851.0552673E-03,-1.0131281316E+00
+683.0600E-06,-842.5197326E-03,-1.0533291362E+00
+683.4900E-06,-839.6051597E-03,-1.0131281316E+00
+683.9200E-06,-847.5161431E-03,-1.0533291362E+00
+684.3500E-06,-846.2670405E-03,-1.0131281316E+00
+684.7800E-06,-851.0552673E-03,-1.0181532573E+00
+685.2100E-06,-851.0552673E-03,-1.0533291362E+00
+685.6400E-06,-844.6015703E-03,-1.0131281316E+00
+686.0700E-06,-854.1780239E-03,-1.0238962579E+00
+686.5000E-06,-839.6051597E-03,-1.0131281316E+00
+686.9300E-06,-851.0552673E-03,-1.0533291362E+00
+687.3600E-06,-851.0552673E-03,-1.0131281316E+00
+687.7900E-06,-851.0552673E-03,-1.0131281316E+00
+688.2200E-06,-851.0552673E-03,-1.0533291362E+00
+688.6500E-06,-851.0552673E-03,-1.0310750086E+00
+689.0800E-06,-854.1780239E-03,-1.0533291362E+00
+689.5100E-06,-862.5053748E-03,-1.0138460067E+00
+689.9400E-06,-851.0552673E-03,-1.0533291362E+00
+690.3700E-06,-857.9253318E-03,-1.0368180093E+00
+690.8000E-06,-852.5125537E-03,-1.0483040106E+00
+691.2300E-06,-851.0552673E-03,-1.0533291362E+00
+691.6600E-06,-856.2598616E-03,-1.0131281316E+00
+692.0900E-06,-851.0552673E-03,-1.0238962579E+00
+692.5200E-06,-862.7135586E-03,-1.0533291362E+00
+692.9500E-06,-859.1744345E-03,-1.0253320080E+00
+693.3800E-06,-851.0552673E-03,-1.0368180093E+00
+693.8100E-06,-861.2562722E-03,-1.0483040106E+00
+694.2400E-06,-860.8399047E-03,-1.0533291362E+00
+694.6700E-06,-862.7135586E-03,-1.0131281316E+00
+695.1000E-06,-862.7135586E-03,-1.0533291362E+00
+695.5300E-06,-851.2634510E-03,-1.0533291362E+00
+695.9600E-06,-874.3718499E-03,-1.0533291362E+00
+696.3900E-06,-862.7135586E-03,-1.0131281316E+00
+696.8200E-06,-872.9145635E-03,-1.0533291362E+00
+697.2500E-06,-862.7135586E-03,-1.0533291362E+00
+697.6800E-06,-862.7135586E-03,-1.0310750086E+00
+698.1100E-06,-862.7135586E-03,-1.0238962579E+00
+698.5400E-06,-862.9217424E-03,-1.0526112612E+00
+698.9700E-06,-874.3718499E-03,-1.0411252599E+00
+699.4000E-06,-857.9253318E-03,-1.0368180093E+00
+699.8300E-06,-872.9145635E-03,-1.0533291362E+00
+700.2600E-06,-862.7135586E-03,-1.0131281316E+00
+700.6900E-06,-867.9181529E-03,-1.0310750086E+00
+701.1200E-06,-865.8363152E-03,-1.0425610099E+00
+701.5500E-06,-874.1636662E-03,-1.0533291362E+00
+701.9800E-06,-866.2526827E-03,-1.0411252599E+00
+702.4100E-06,-869.5836231E-03,-1.0368180093E+00
+702.8400E-06,-872.9145635E-03,-1.0533291362E+00
+703.2700E-06,-874.3718499E-03,-1.0533291362E+00
+703.7000E-06,-867.9181529E-03,-1.0533291362E+00
+704.1300E-06,-865.8363152E-03,-1.0131281316E+00
+704.5600E-06,-874.3718499E-03,-1.0131281316E+00
+704.9900E-06,-874.3718499E-03,-1.0533291362E+00
+705.4200E-06,-874.3718499E-03,-1.0533291362E+00
+705.8500E-06,-874.3718499E-03,-1.0533291362E+00
+706.2800E-06,-872.4981960E-03,-1.0597900119E+00
+706.7100E-06,-874.3718499E-03,-1.0353822592E+00
+707.1400E-06,-862.7135586E-03,-1.0131281316E+00
+707.5700E-06,-874.3718499E-03,-1.0131281316E+00
+708.0000E-06,-874.3718499E-03,-1.0253320080E+00
+708.4300E-06,-874.3718499E-03,-1.0296392586E+00
+708.8600E-06,-874.3718499E-03,-1.0181532573E+00
+709.2900E-06,-874.3718499E-03,-1.0533291362E+00
+709.7200E-06,-874.3718499E-03,-1.0310750086E+00
+710.1500E-06,-874.3718499E-03,-1.0131281316E+00
+710.5800E-06,-874.5800337E-03,-1.0533291362E+00
+711.0100E-06,-874.3718499E-03,-1.0253320080E+00
+711.4400E-06,-881.2419144E-03,-1.0368180093E+00
+711.8700E-06,-884.5728548E-03,-1.0533291362E+00
+712.3000E-06,-876.2455039E-03,-1.0533291362E+00
+712.7300E-06,-874.3718499E-03,-1.0131281316E+00
+713.1600E-06,-874.3718499E-03,-1.0533291362E+00
+713.5900E-06,-885.8219575E-03,-1.0131281316E+00
+714.0200E-06,-874.3718499E-03,-1.0253320080E+00
+714.4500E-06,-879.1600767E-03,-1.0131281316E+00
+714.8800E-06,-875.8291364E-03,-1.0483040106E+00
+715.3100E-06,-876.2455039E-03,-1.0195890073E+00
+715.7400E-06,-880.8255469E-03,-1.0131281316E+00
+716.1700E-06,-882.9073846E-03,-1.0425610099E+00
+716.6000E-06,-874.3718499E-03,-1.0533291362E+00
+717.0300E-06,-874.3718499E-03,-1.0533291362E+00
+717.4600E-06,-881.2419144E-03,-1.0131281316E+00
+717.8900E-06,-875.8291364E-03,-1.0533291362E+00
+718.3200E-06,-876.2455039E-03,-1.0131281316E+00
+718.7500E-06,-892.4838383E-03,-1.0131281316E+00
+719.1800E-06,-886.0301413E-03,-1.0533291362E+00
+719.6100E-06,-886.0301413E-03,-1.0526112612E+00
+720.0400E-06,-877.9109741E-03,-1.0533291362E+00
+720.4700E-06,-886.0301413E-03,-1.0533291362E+00
+720.9000E-06,-896.2311462E-03,-1.0483040106E+00
+721.3300E-06,-876.2455039E-03,-1.0533291362E+00
+721.7600E-06,-879.5764443E-03,-1.0310750086E+00
+722.1900E-06,-886.0301413E-03,-1.0131281316E+00
+722.6200E-06,-886.0301413E-03,-1.0526112612E+00
+723.0500E-06,-894.1493085E-03,-1.0533291362E+00
+723.4800E-06,-886.0301413E-03,-1.0131281316E+00
+723.9100E-06,-887.4874277E-03,-1.0181532573E+00
+724.3400E-06,-895.8147787E-03,-1.0468682606E+00
+724.7700E-06,-891.2347356E-03,-1.0353822592E+00
+725.2000E-06,-886.0301413E-03,-1.0425610099E+00
+725.6300E-06,-886.0301413E-03,-1.0526112612E+00
+726.0600E-06,-897.6884326E-03,-1.0411252599E+00
+726.4900E-06,-886.0301413E-03,-1.0533291362E+00
+726.9200E-06,-896.2311462E-03,-1.0533291362E+00
+727.3500E-06,-886.0301413E-03,-1.0533291362E+00
+727.7800E-06,-897.6884326E-03,-1.0310750086E+00
+728.2100E-06,-886.0301413E-03,-1.0533291362E+00
+728.6400E-06,-886.0301413E-03,-1.0533291362E+00
+729.0700E-06,-889.5692654E-03,-1.0131281316E+00
+729.5000E-06,-892.9002058E-03,-1.0131281316E+00
+729.9300E-06,-896.2311462E-03,-1.0533291362E+00
+730.3600E-06,-895.8147787E-03,-1.0533291362E+00
+730.7900E-06,-891.2347356E-03,-1.0533291362E+00
+731.2200E-06,-889.1528979E-03,-1.0131281316E+00
+731.6500E-06,-886.0301413E-03,-1.0131281316E+00
+732.0800E-06,-894.1493085E-03,-1.0253320080E+00
+732.5100E-06,-890.8183681E-03,-1.0533291362E+00
+732.9400E-06,-897.6884326E-03,-1.0483040106E+00
+733.3700E-06,-886.0301413E-03,-1.0131281316E+00
+733.8000E-06,-897.6884326E-03,-1.0310750086E+00
+734.2300E-06,-897.6884326E-03,-1.0533291362E+00
+734.6600E-06,-886.0301413E-03,-1.0138460066E+00
+735.0900E-06,-897.6884326E-03,-1.0533291362E+00
+735.5200E-06,-890.8183681E-03,-1.0533291362E+00
+735.9500E-06,-897.6884326E-03,-1.0181532573E+00
+736.3800E-06,-897.6884326E-03,-1.0195890073E+00
+736.8100E-06,-897.6884326E-03,-1.0353822592E+00
+737.2400E-06,-897.6884326E-03,-1.0131281316E+00
+737.6700E-06,-909.1385402E-03,-1.0526112612E+00
+738.1000E-06,-897.6884326E-03,-1.0411252599E+00
+738.5300E-06,-892.9002058E-03,-1.0533291362E+00
+738.9600E-06,-897.6884326E-03,-1.0131281316E+00
+739.3900E-06,-907.4730700E-03,-1.0131281316E+00
+739.8200E-06,-897.6884326E-03,-1.0131281316E+00
+740.2500E-06,-897.6884326E-03,-1.0131281316E+00
+740.6800E-06,-897.8966163E-03,-1.0533291362E+00
+741.1100E-06,-901.2275567E-03,-1.0131281316E+00
+741.5400E-06,-897.6884326E-03,-1.0296392586E+00
+741.9700E-06,-907.8894375E-03,-1.0533291362E+00
+742.4000E-06,-897.6884326E-03,-1.0468682606E+00
+742.8300E-06,-904.1421296E-03,-1.0310750086E+00
+743.2600E-06,-897.6884326E-03,-1.0425610099E+00
+743.6900E-06,-897.6884326E-03,-1.0526112612E+00
+744.1200E-06,-897.6884326E-03,-1.0131281316E+00
+744.5500E-06,-904.5584971E-03,-1.0131281316E+00
+744.9800E-06,-897.6884326E-03,-1.0483040106E+00
+745.4100E-06,-897.6884326E-03,-1.0195890073E+00
+745.8400E-06,-897.6884326E-03,-1.0310750086E+00
+746.2700E-06,-909.3467239E-03,-1.0131281316E+00
+746.7000E-06,-897.8966163E-03,-1.0533291362E+00
+747.1300E-06,-897.6884326E-03,-1.0253320079E+00
+747.5600E-06,-897.6884326E-03,-1.0131281316E+00
+747.9900E-06,-909.3467239E-03,-1.0181532573E+00
+748.4200E-06,-909.3467239E-03,-1.0533291362E+00
+748.8500E-06,-904.1421296E-03,-1.0353822592E+00
+749.2800E-06,-897.6884326E-03,-1.0131281316E+00
+749.7100E-06,-897.8966163E-03,-1.0533291362E+00
+750.1400E-06,-909.3467239E-03,-1.0131281316E+00
+750.5700E-06,-897.6884326E-03,-1.0533291362E+00
+751.0000E-06,-897.6884326E-03,-1.0181532573E+00
+751.4300E-06,-909.3467239E-03,-1.0533291362E+00
+751.8600E-06,-902.8930269E-03,-1.0174353823E+00
+752.2900E-06,-897.6884326E-03,-1.0533291362E+00
+752.7200E-06,-909.1385402E-03,-1.0533291362E+00
+753.1500E-06,-905.8075998E-03,-1.0533291362E+00
+753.5800E-06,-902.4766594E-03,-1.0296392586E+00
+754.0100E-06,-897.6884326E-03,-1.0483040106E+00
+754.4400E-06,-899.5620865E-03,-1.0131281316E+00
+754.8700E-06,-902.8930269E-03,-1.0353822593E+00
+755.3000E-06,-909.3467239E-03,-1.0425610099E+00
+755.7300E-06,-909.3467239E-03,-1.0138460066E+00
+756.1600E-06,-909.3467239E-03,-1.0533291362E+00
+756.5900E-06,-909.3467239E-03,-1.0368180093E+00
+757.0200E-06,-909.3467239E-03,-1.0533291362E+00
+757.4500E-06,-909.3467239E-03,-1.0468682606E+00
+757.8800E-06,-909.3467239E-03,-1.0353822593E+00
+758.3100E-06,-900.8111892E-03,-1.0238962579E+00
+758.7400E-06,-897.8966163E-03,-1.0533291362E+00
+759.1700E-06,-901.2275567E-03,-1.0131281316E+00
+759.6000E-06,-904.5584971E-03,-1.0368180093E+00
+760.0300E-06,-919.5477288E-03,-1.0483040106E+00
+760.4600E-06,-909.3467239E-03,-1.0468682606E+00
+760.8900E-06,-909.3467239E-03,-1.0310750086E+00
+761.3200E-06,-917.8822586E-03,-1.0131281316E+00
+761.7500E-06,-909.1385402E-03,-1.0131281316E+00
+762.1800E-06,-917.4658911E-03,-1.0411252599E+00
+762.6100E-06,-909.3467239E-03,-1.0533291362E+00
+763.0400E-06,-909.3467239E-03,-1.0131281316E+00
+763.4700E-06,-909.3467239E-03,-1.0131281316E+00
+763.9000E-06,-909.3467239E-03,-1.0310750086E+00
+764.3300E-06,-912.4694806E-03,-1.0131281316E+00
+764.7600E-06,-897.8966163E-03,-1.0138460066E+00
+765.1900E-06,-909.3467239E-03,-1.0131281316E+00
+765.6200E-06,-909.3467239E-03,-1.0368180093E+00
+766.0500E-06,-909.3467239E-03,-1.0533291362E+00
+766.4800E-06,-919.1313613E-03,-1.0195890073E+00
+766.9100E-06,-909.3467239E-03,-1.0533291362E+00
+767.3400E-06,-909.3467239E-03,-1.0425610099E+00
+767.7700E-06,-909.3467239E-03,-1.0131281316E+00
+768.2000E-06,-909.3467239E-03,-1.0411252599E+00
+768.6300E-06,-914.1349508E-03,-1.0296392586E+00
+769.0600E-06,-909.3467239E-03,-1.0533291362E+00
+769.4900E-06,-909.3467239E-03,-1.0533291362E+00
+769.9200E-06,-904.1421296E-03,-1.0310750086E+00
+770.3500E-06,-909.3467239E-03,-1.0425610099E+00
+770.7800E-06,-909.5549077E-03,-1.0533291362E+00
+771.2100E-06,-909.3467239E-03,-1.0131281316E+00
+771.6400E-06,-916.2167884E-03,-1.0368180093E+00
+772.0700E-06,-909.3467239E-03,-1.0533291362E+00
+772.5000E-06,-909.3467239E-03,-1.0195890073E+00
+772.9300E-06,-909.3467239E-03,-1.0533291362E+00
+773.3600E-06,-909.3467239E-03,-1.0425610099E+00
+773.7900E-06,-921.0050153E-03,-1.0533291362E+00
+774.2200E-06,-912.8858481E-03,-1.0131281316E+00
+774.6500E-06,-921.0050153E-03,-1.0131281316E+00
+775.0800E-06,-921.0050153E-03,-1.0533291362E+00
+775.5100E-06,-921.0050153E-03,-1.0533291362E+00
+775.9400E-06,-909.3467239E-03,-1.0533291362E+00
+776.3700E-06,-909.3467239E-03,-1.0425610099E+00
+776.8000E-06,-920.7968315E-03,-1.0533291362E+00
+777.2300E-06,-909.3467239E-03,-1.0533291362E+00
+777.6600E-06,-909.3467239E-03,-1.0131281316E+00
+778.0900E-06,-909.3467239E-03,-1.0483040106E+00
+778.5200E-06,-909.3467239E-03,-1.0131281316E+00
+778.9500E-06,-921.0050153E-03,-1.0310750086E+00
+779.3800E-06,-912.4694806E-03,-1.0238962579E+00
+779.8100E-06,-921.0050153E-03,-1.0533291362E+00
+780.2400E-06,-909.3467239E-03,-1.0253320079E+00
+780.6700E-06,-914.1349508E-03,-1.0533291362E+00
+781.1000E-06,-919.5477288E-03,-1.0131281316E+00
+781.5300E-06,-911.2203779E-03,-1.0468682606E+00
+781.9600E-06,-915.8004209E-03,-1.0533291362E+00
+782.3900E-06,-921.0050153E-03,-1.0425610099E+00
+782.8200E-06,-920.7968315E-03,-1.0131281316E+00
+783.2500E-06,-917.4658911E-03,-1.0411252599E+00
+783.6800E-06,-921.0050153E-03,-1.0368180092E+00
+784.1100E-06,-919.5477288E-03,-1.0131281316E+00
+784.5400E-06,-911.2203779E-03,-1.0533291362E+00
+784.9700E-06,-909.3467239E-03,-1.0310750086E+00
+785.4000E-06,-917.8822586E-03,-1.0131281316E+00
+785.8300E-06,-921.0050153E-03,-1.0533291362E+00
+786.2600E-06,-909.3467239E-03,-1.0253320079E+00
+786.6900E-06,-916.2167884E-03,-1.0368180092E+00
+787.1200E-06,-899.1457190E-03,-1.0181532573E+00
+787.5500E-06,-909.3467239E-03,-1.0195890073E+00
+787.9800E-06,-921.0050153E-03,-1.0353822593E+00
+788.4100E-06,-912.4694806E-03,-1.0533291362E+00
+788.8400E-06,-909.5549077E-03,-1.0138460066E+00
+789.2700E-06,-912.8858481E-03,-1.0411252599E+00
+789.7000E-06,-914.1349508E-03,-1.0533291362E+00
+790.1300E-06,-921.0050153E-03,-1.0483040106E+00
+790.5600E-06,-921.0050153E-03,-1.0195890073E+00
+790.9900E-06,-914.5513182E-03,-1.0490218855E+00
+791.4200E-06,-921.0050153E-03,-1.0425610099E+00
+791.8500E-06,-921.0050153E-03,-1.0131281316E+00
+792.2800E-06,-921.0050153E-03,-1.0131281316E+00
+792.7100E-06,-914.1349508E-03,-1.0533291362E+00
+793.1400E-06,-921.0050153E-03,-1.0483040106E+00
+793.5700E-06,-911.2203779E-03,-1.0533291362E+00
+794.0000E-06,-914.5513182E-03,-1.0131281316E+00
+794.4300E-06,-926.4177933E-03,-1.0238962580E+00
+794.8600E-06,-920.7968315E-03,-1.0533291362E+00
+795.2900E-06,-912.8858481E-03,-1.0533291362E+00
+795.7200E-06,-916.2167884E-03,-1.0368180092E+00
+796.1500E-06,-922.4623017E-03,-1.0533291362E+00
+796.5800E-06,-921.0050153E-03,-1.0131281316E+00
+797.0100E-06,-915.8004209E-03,-1.0533291362E+00
+797.4400E-06,-912.4694806E-03,-1.0425610099E+00
+797.8700E-06,-920.7968315E-03,-1.0526112612E+00
+798.3000E-06,-921.0050153E-03,-1.0533291362E+00
+798.7300E-06,-914.1349508E-03,-1.0131281316E+00
+799.1600E-06,-921.0050153E-03,-1.0181532573E+00
+799.5900E-06,-921.0050153E-03,-1.0468682606E+00
+800.0200E-06,-915.8004209E-03,-1.0310750086E+00
+800.4500E-06,-917.8822586E-03,-1.0238962580E+00
+800.8800E-06,-921.0050153E-03,-1.0131281316E+00
+801.3100E-06,-921.0050153E-03,-1.0131281316E+00
+801.7400E-06,-914.1349508E-03,-1.0533291362E+00
+802.1700E-06,-921.0050153E-03,-1.0181532573E+00
+802.6000E-06,-921.0050153E-03,-1.0468682606E+00
+803.0300E-06,-914.5513182E-03,-1.0533291362E+00
+803.4600E-06,-921.0050153E-03,-1.0238962580E+00
+803.8900E-06,-921.0050153E-03,-1.0138460066E+00
+804.3200E-06,-924.5441394E-03,-1.0533291362E+00
+804.7500E-06,-921.0050153E-03,-1.0131281316E+00
+805.1800E-06,-921.0050153E-03,-1.0533291362E+00
+805.6100E-06,-921.0050153E-03,-1.0131281316E+00
+806.0400E-06,-921.0050153E-03,-1.0353822593E+00
+806.4700E-06,-917.8822586E-03,-1.0425610099E+00
+806.9000E-06,-921.0050153E-03,-1.0533291362E+00
+807.3300E-06,-924.5441394E-03,-1.0533291362E+00
+807.7600E-06,-921.0050153E-03,-1.0296392586E+00
+808.1900E-06,-909.3467239E-03,-1.0533291362E+00
+808.6200E-06,-921.0050153E-03,-1.0131281316E+00
+809.0500E-06,-926.2096096E-03,-1.0533291362E+00
+809.4800E-06,-929.5405500E-03,-1.0238962580E+00
+809.9100E-06,-920.7968315E-03,-1.0138460066E+00
+810.3400E-06,-921.0050153E-03,-1.0533291362E+00
+810.7700E-06,-921.0050153E-03,-1.0296392586E+00
+811.2000E-06,-921.0050153E-03,-1.0533291362E+00
+811.6300E-06,-921.0050153E-03,-1.0468682606E+00
+812.0600E-06,-915.8004209E-03,-1.0310750086E+00
+812.4900E-06,-921.0050153E-03,-1.0131281316E+00
+812.9200E-06,-932.4551228E-03,-1.0131281316E+00
+813.3500E-06,-921.0050153E-03,-1.0131281316E+00
+813.7800E-06,-921.0050153E-03,-1.0296392586E+00
+814.2100E-06,-929.7487337E-03,-1.0533291362E+00
+814.6400E-06,-922.8786692E-03,-1.0195890073E+00
+815.0700E-06,-926.2096096E-03,-1.0310750086E+00
+815.5000E-06,-921.0050153E-03,-1.0131281316E+00
+815.9300E-06,-921.0050153E-03,-1.0533291362E+00
+816.3600E-06,-921.0050153E-03,-1.0131281316E+00
+816.7900E-06,-916.2167884E-03,-1.0296392586E+00
+817.2200E-06,-921.0050153E-03,-1.0483040105E+00
+817.6500E-06,-921.0050153E-03,-1.0533291362E+00
+818.0800E-06,-921.0050153E-03,-1.0131281316E+00
+818.5100E-06,-921.0050153E-03,-1.0425610099E+00
+818.9400E-06,-932.4551228E-03,-1.0526112612E+00
+819.3700E-06,-921.0050153E-03,-1.0533291362E+00
+819.8000E-06,-932.6633066E-03,-1.0368180092E+00
+820.2300E-06,-921.0050153E-03,-1.0131281316E+00
+820.6600E-06,-930.7896527E-03,-1.0195890073E+00
+821.0900E-06,-914.5513182E-03,-1.0533291362E+00
+821.5200E-06,-924.1277719E-03,-1.0533291362E+00
+821.9500E-06,-921.0050153E-03,-1.0138460066E+00
+822.3800E-06,-921.0050153E-03,-1.0131281316E+00
+822.8100E-06,-925.7932421E-03,-1.0368180092E+00
+823.2400E-06,-921.0050153E-03,-1.0483040105E+00
+823.6700E-06,-932.6633066E-03,-1.0533291362E+00
+824.1000E-06,-926.2096096E-03,-1.0533291362E+00
+824.5300E-06,-932.6633066E-03,-1.0131281316E+00
+824.9600E-06,-921.0050153E-03,-1.0526112612E+00
+825.3900E-06,-929.1241825E-03,-1.0411252599E+00
+825.8200E-06,-932.6633066E-03,-1.0131281316E+00
+826.2500E-06,-921.0050153E-03,-1.0483040105E+00
+826.6800E-06,-921.0050153E-03,-1.0131281316E+00
+827.1100E-06,-921.0050153E-03,-1.0131281316E+00
+827.5400E-06,-921.0050153E-03,-1.0131281316E+00
+827.9700E-06,-909.5549077E-03,-1.0526112612E+00
+828.4000E-06,-932.6633066E-03,-1.0533291362E+00
+828.8300E-06,-921.0050153E-03,-1.0533291362E+00
+829.2600E-06,-921.0050153E-03,-1.0533291362E+00
+829.6900E-06,-922.8786692E-03,-1.0533291362E+00
+830.1200E-06,-926.2096096E-03,-1.0310750086E+00
+830.5500E-06,-929.5405500E-03,-1.0238962580E+00
+830.9800E-06,-921.0050153E-03,-1.0533291362E+00
+831.4100E-06,-921.0050153E-03,-1.0411252599E+00
+831.8400E-06,-927.8750798E-03,-1.0296392586E+00
+832.2700E-06,-921.0050153E-03,-1.0131281316E+00
+832.7000E-06,-930.7896527E-03,-1.0468682606E+00
+833.1300E-06,-927.4587123E-03,-1.0533291362E+00
+833.5600E-06,-921.0050153E-03,-1.0238962580E+00
+833.9900E-06,-932.6633066E-03,-1.0526112612E+00
+834.4200E-06,-924.5441394E-03,-1.0533291362E+00
+834.8500E-06,-921.0050153E-03,-1.0368180092E+00
+835.2800E-06,-922.4623017E-03,-1.0533291362E+00
+835.7100E-06,-922.8786692E-03,-1.0131281316E+00
+836.1400E-06,-921.0050153E-03,-1.0310750086E+00
+836.5700E-06,-921.0050153E-03,-1.0425610099E+00
+837.0000E-06,-932.4551229E-03,-1.0526112612E+00
+837.4300E-06,-921.0050153E-03,-1.0253320079E+00
+837.8600E-06,-927.8750798E-03,-1.0368180092E+00
+838.2900E-06,-921.0050153E-03,-1.0483040105E+00
+838.7200E-06,-930.7896527E-03,-1.0131281316E+00
+839.1500E-06,-926.2096096E-03,-1.0533291362E+00
+839.5800E-06,-929.5405500E-03,-1.0131281316E+00
+840.0100E-06,-932.6633066E-03,-1.0533291362E+00
+840.4400E-06,-924.5441394E-03,-1.0131281316E+00
+840.8700E-06,-925.7932421E-03,-1.0368180092E+00
+841.3000E-06,-921.0050153E-03,-1.0181532573E+00
+841.7300E-06,-932.6633066E-03,-1.0533291362E+00
+842.1600E-06,-932.6633066E-03,-1.0353822593E+00
+842.5900E-06,-921.0050153E-03,-1.0131281316E+00
+843.0200E-06,-921.2131990E-03,-1.0533291362E+00
+843.4500E-06,-924.5441394E-03,-1.0533291362E+00
+843.8800E-06,-925.7932421E-03,-1.0368180092E+00
+844.3100E-06,-921.0050153E-03,-1.0533291362E+00
+844.7400E-06,-922.8786692E-03,-1.0533291362E+00
+845.1700E-06,-932.6633066E-03,-1.0131281316E+00
+845.6000E-06,-929.5405500E-03,-1.0533291362E+00
+846.0300E-06,-921.2131990E-03,-1.0138460066E+00
+846.4600E-06,-921.0050153E-03,-1.0533291362E+00
+846.8900E-06,-932.6633066E-03,-1.0131281316E+00
+847.3200E-06,-921.0050153E-03,-1.0533291362E+00
+847.7500E-06,-922.8786692E-03,-1.0195890073E+00
+848.1800E-06,-932.6633066E-03,-1.0533291362E+00
+848.6100E-06,-929.5405500E-03,-1.0533291362E+00
+849.0400E-06,-921.0050153E-03,-1.0138460066E+00
+849.4700E-06,-924.5441394E-03,-1.0131281316E+00
+849.9000E-06,-921.0050153E-03,-1.0533291362E+00
+850.3300E-06,-922.4623017E-03,-1.0131281316E+00
+850.7600E-06,-930.7896527E-03,-1.0195890073E+00
+851.1900E-06,-921.0050153E-03,-1.0310750086E+00
+851.6200E-06,-924.1277719E-03,-1.0131281316E+00
+852.0500E-06,-921.0050153E-03,-1.0138460066E+00
+852.4800E-06,-924.5441394E-03,-1.0533291362E+00
+852.9100E-06,-932.6633066E-03,-1.0605078868E+00
+853.3400E-06,-922.4623017E-03,-1.0483040105E+00
+853.7700E-06,-932.6633066E-03,-1.0468682606E+00
+854.2000E-06,-926.2096096E-03,-1.0353822593E+00
+854.6300E-06,-929.5405500E-03,-1.0533291362E+00
+855.0600E-06,-932.6633066E-03,-1.0526112613E+00
+855.4900E-06,-932.6633066E-03,-1.0253320079E+00
+855.9200E-06,-927.8750798E-03,-1.0059493810E+00
+856.3500E-06,-931.2060201E-03,-1.0181532573E+00
+856.7800E-06,-930.7896527E-03,-1.0533291362E+00
+857.2100E-06,-927.4587123E-03,-1.0310750086E+00
+857.6400E-06,-924.1277719E-03,-1.0238962580E+00
+858.0700E-06,-932.4551229E-03,-1.0138460066E+00
+858.5000E-06,-924.5441394E-03,-1.0533291362E+00
+858.9300E-06,-925.7932421E-03,-1.0131281316E+00
+859.3600E-06,-922.4623017E-03,-1.0483040105E+00
+859.7900E-06,-924.7523231E-03,-1.0468682606E+00
+860.2200E-06,-926.2096096E-03,-1.0353822593E+00
+860.6500E-06,-932.6633066E-03,-1.0131281316E+00
+861.0800E-06,-932.4551229E-03,-1.0131281316E+00
+861.5100E-06,-924.5441394E-03,-1.0131281316E+00
+861.9400E-06,-932.6633066E-03,-1.0131281316E+00
+862.3700E-06,-932.6633066E-03,-1.0181532573E+00
+862.8000E-06,-930.7896527E-03,-1.0195890073E+00
+863.2300E-06,-932.6633066E-03,-1.0533291362E+00
+863.6600E-06,-932.6633066E-03,-1.0131281316E+00
+864.0900E-06,-932.6633066E-03,-1.0131281316E+00
+864.5200E-06,-921.0050153E-03,-1.0253320079E+00
+864.9500E-06,-927.8750798E-03,-1.0296392586E+00
+865.3800E-06,-922.4623017E-03,-1.0533291362E+00
+865.8100E-06,-921.0050153E-03,-1.0195890073E+00
+866.2400E-06,-939.1170036E-03,-1.0131281316E+00
+866.6700E-06,-932.6633066E-03,-1.0131281316E+00
+867.1000E-06,-921.0050153E-03,-1.0138460066E+00
+867.5300E-06,-924.5441394E-03,-1.0253320079E+00
+867.9600E-06,-927.8750798E-03,-1.0368180092E+00
+868.3900E-06,-932.6633066E-03,-1.0131281316E+00
+868.8200E-06,-932.6633066E-03,-1.0468682606E+00
+869.2500E-06,-932.6633066E-03,-1.0131281316E+00
+869.6800E-06,-932.6633066E-03,-1.0131281316E+00
+870.1100E-06,-932.6633066E-03,-1.0526112613E+00
+870.5400E-06,-924.5441394E-03,-1.0131281316E+00
+870.9700E-06,-927.8750798E-03,-1.0533291362E+00
+871.4000E-06,-931.2060201E-03,-1.0533291362E+00
+871.8300E-06,-932.6633066E-03,-1.0468682606E+00
+872.2600E-06,-927.4587123E-03,-1.0755832639E+00
+872.6900E-06,-921.0050153E-03,-1.0238962580E+00
+873.1200E-06,-921.2131990E-03,-1.0526112613E+00
+873.5500E-06,-924.5441394E-03,-1.0131281316E+00
+873.9800E-06,-932.6633066E-03,-1.0131281316E+00
+874.4100E-06,-921.0050153E-03,-1.0483040105E+00
+874.8400E-06,-921.0050153E-03,-1.0468682606E+00
+875.2700E-06,-926.2096096E-03,-1.0533291362E+00
+875.7000E-06,-924.1277719E-03,-1.0238962580E+00
+876.1300E-06,-921.0050153E-03,-1.0131281316E+00
+876.5600E-06,-929.1241825E-03,-1.0253320079E+00
+876.9900E-06,-925.7932421E-03,-1.0131281316E+00
+877.4200E-06,-931.2060201E-03,-1.0533291362E+00
+877.8500E-06,-921.0050153E-03,-1.0195890072E+00
+878.2800E-06,-926.2096096E-03,-1.0533291362E+00
+878.7100E-06,-921.0050153E-03,-1.0238962580E+00
+879.1400E-06,-921.2131990E-03,-1.0138460066E+00
+879.5700E-06,-932.6633066E-03,-1.0411252599E+00
+880.0000E-06,-925.7932421E-03,-1.0296392586E+00
+880.4300E-06,-922.4623017E-03,-1.0483040105E+00
+880.8600E-06,-921.0050153E-03,-1.0195890072E+00
+881.2900E-06,-932.6633066E-03,-1.0131281316E+00
+881.7200E-06,-941.1988413E-03,-1.0425610099E+00
+882.1500E-06,-921.2131990E-03,-1.0526112613E+00
+882.5800E-06,-921.0050153E-03,-1.0411252599E+00
+883.0100E-06,-927.8750798E-03,-1.0131281316E+00
+883.4400E-06,-922.4623017E-03,-1.0483040105E+00
+883.8700E-06,-932.6633066E-03,-1.0131281316E+00
+884.3000E-06,-927.4587123E-03,-1.0310750086E+00
+884.7300E-06,-929.5405500E-03,-1.0131281316E+00
+885.1600E-06,-921.0050153E-03,-1.0131281316E+00
+885.5900E-06,-929.1241825E-03,-1.0411252599E+00
+886.0200E-06,-932.6633066E-03,-1.0296392586E+00
+886.4500E-06,-932.6633066E-03,-1.0181532573E+00
+886.8800E-06,-930.7896527E-03,-1.0468682606E+00
+887.3100E-06,-927.4587123E-03,-1.0310750086E+00
+887.7400E-06,-932.6633066E-03,-1.0533291362E+00
+888.1700E-06,-932.6633066E-03,-1.0526112613E+00
+888.6000E-06,-921.0050153E-03,-1.0131281316E+00
+889.0300E-06,-925.7932421E-03,-1.0131281316E+00
+889.4600E-06,-932.6633066E-03,-1.0181532573E+00
+889.8900E-06,-932.6633066E-03,-1.0533291362E+00
+890.3200E-06,-927.4587123E-03,-1.0353822593E+00
+890.7500E-06,-929.5405500E-03,-1.0238962580E+00
+891.1800E-06,-921.2131990E-03,-1.0526112613E+00
+891.6100E-06,-932.6633066E-03,-1.0131281316E+00
+892.0400E-06,-932.6633066E-03,-1.0368180092E+00
+892.4700E-06,-932.6633066E-03,-1.0483040105E+00
+892.9000E-06,-932.6633066E-03,-1.0468682606E+00
+893.3300E-06,-932.6633066E-03,-1.0533291362E+00
+893.7600E-06,-932.6633066E-03,-1.0131281316E+00
+894.1900E-06,-932.4551229E-03,-1.0533291362E+00
+894.6200E-06,-924.5441394E-03,-1.0253320079E+00
+895.0500E-06,-925.7932421E-03,-1.0131281316E+00
+895.4800E-06,-922.4623017E-03,-1.0131281316E+00
+895.9100E-06,-930.7896527E-03,-1.0533291362E+00
+896.3400E-06,-921.0050153E-03,-1.0533291362E+00
+896.7700E-06,-929.5405500E-03,-1.0425610099E+00
+897.2000E-06,-932.4551229E-03,-1.0131281316E+00
+897.6300E-06,-929.1241825E-03,-1.0533291362E+00
+898.0600E-06,-925.7932421E-03,-1.0296392586E+00
+898.4900E-06,-942.8643115E-03,-1.0131281316E+00
+898.9200E-06,-932.6633066E-03,-1.0131281316E+00
+899.3500E-06,-926.2096096E-03,-1.0310750086E+00
+899.7800E-06,-935.7860632E-03,-1.0425610099E+00
+900.2100E-06,-932.6633066E-03,-1.0526112613E+00
+900.6400E-06,-932.6633066E-03,-1.0131281316E+00
+901.0700E-06,-925.7932421E-03,-1.0533291362E+00
+901.5000E-06,-921.0050153E-03,-1.0181532573E+00
+901.9300E-06,-922.8786692E-03,-1.0131281316E+00
+902.3600E-06,-932.6633066E-03,-1.0353822593E+00
+902.7900E-06,-924.1277719E-03,-1.0533291362E+00
+903.2200E-06,-932.6633066E-03,-1.0131281316E+00
+903.6500E-06,-932.6633066E-03,-1.0533291362E+00
+904.0800E-06,-921.0050153E-03,-1.0131281316E+00
+904.5100E-06,-932.6633066E-03,-1.0181532573E+00
+904.9400E-06,-932.6633066E-03,-1.0131281316E+00
+905.3700E-06,-926.2096096E-03,-1.0533291362E+00
+905.8000E-06,-929.5405499E-03,-1.0131281316E+00
+906.2300E-06,-932.6633066E-03,-1.0920943909E+00
+906.6600E-06,-932.6633066E-03,-1.0411252600E+00
+907.0900E-06,-932.6633066E-03,-1.0533291362E+00
+907.5200E-06,-931.2060201E-03,-1.0181532573E+00
+907.9500E-06,-921.0050153E-03,-1.0533291362E+00
+908.3800E-06,-921.0050153E-03,-1.0353822593E+00
+908.8100E-06,-929.5405499E-03,-1.0533291362E+00
+909.2400E-06,-921.2131990E-03,-1.0138460066E+00
+909.6700E-06,-929.1241825E-03,-1.0131281316E+00
+910.1000E-06,-932.6633066E-03,-1.0131281316E+00
+910.5300E-06,-932.6633066E-03,-1.0483040105E+00
+910.9600E-06,-932.6633066E-03,-1.0468682606E+00
+911.3900E-06,-932.6633066E-03,-1.0131281316E+00
+911.8200E-06,-932.6633066E-03,-1.0425610099E+00
+912.2500E-06,-932.6633066E-03,-1.0533291362E+00
+912.6800E-06,-924.5441394E-03,-1.0253320079E+00
+913.1100E-06,-925.7932421E-03,-1.0533291362E+00
+913.5400E-06,-934.1205930E-03,-1.0131281316E+00
+913.9700E-06,-930.7896527E-03,-1.0195890072E+00
+914.4000E-06,-932.6633066E-03,-1.0353822593E+00
+914.8300E-06,-932.6633066E-03,-1.0425610099E+00
+915.2600E-06,-932.6633066E-03,-1.0138460066E+00
+915.6900E-06,-932.6633066E-03,-1.0411252600E+00
+916.1200E-06,-925.7932421E-03,-1.0533291362E+00
+916.5500E-06,-931.2060201E-03,-1.0131281316E+00
+916.9800E-06,-930.7896527E-03,-1.0131281316E+00
+917.4100E-06,-932.6633066E-03,-1.0131281316E+00
+917.8400E-06,-932.6633066E-03,-1.0238962580E+00
+918.2700E-06,-932.6633066E-03,-1.0533291362E+00
+918.7000E-06,-929.1241825E-03,-1.0411252600E+00
+919.1300E-06,-932.6633066E-03,-1.0533291362E+00
+919.5600E-06,-931.2060201E-03,-1.0181532573E+00
+919.9900E-06,-932.6633066E-03,-1.0131281316E+00
+920.4200E-06,-932.6633066E-03,-1.0310750085E+00
+920.8500E-06,-932.6633066E-03,-1.0533291362E+00
+921.2800E-06,-932.4551229E-03,-1.0131281316E+00
+921.7100E-06,-921.0050153E-03,-1.0131281316E+00
+922.1400E-06,-932.6633066E-03,-1.0296392586E+00
+922.5700E-06,-922.4623017E-03,-1.0131281316E+00
+923.0000E-06,-930.7896527E-03,-1.0195890072E+00
+923.4300E-06,-926.2096096E-03,-1.0533291362E+00
+923.8600E-06,-924.1277719E-03,-1.0238962580E+00
+924.2900E-06,-921.0050153E-03,-1.0526112613E+00
+924.7200E-06,-940.7824738E-03,-1.0533291362E+00
+925.1500E-06,-932.6633066E-03,-1.0131281316E+00
+925.5800E-06,-931.2060201E-03,-1.0533291362E+00
+926.0100E-06,-942.4479440E-03,-1.0533291362E+00
+926.4400E-06,-944.3215979E-03,-1.0131281316E+00
+926.8700E-06,-932.6633066E-03,-1.0425610099E+00
+927.3000E-06,-932.6633066E-03,-1.0131281316E+00
+927.7300E-06,-924.5441394E-03,-1.0253320079E+00
+928.1600E-06,-932.6633066E-03,-1.0131281316E+00
+928.5900E-06,-932.6633066E-03,-1.0483040105E+00
+929.0200E-06,-922.8786692E-03,-1.0533291362E+00
+929.4500E-06,-926.2096096E-03,-1.0353822593E+00
+929.8800E-06,-929.5405499E-03,-1.0131281316E+00
+930.3100E-06,-921.2131990E-03,-1.0533291362E+00
+930.7400E-06,-932.6633066E-03,-1.0533291362E+00
+931.1700E-06,-932.6633066E-03,-1.0131281316E+00
+931.6000E-06,-932.6633066E-03,-1.0131281316E+00
+932.0300E-06,-932.6633066E-03,-1.0131281316E+00
+932.4600E-06,-939.1170036E-03,-1.0131281316E+00
+932.8900E-06,-932.6633066E-03,-1.0131281316E+00
+933.3200E-06,-921.0050153E-03,-1.0533291362E+00
+933.7500E-06,-924.5441394E-03,-1.0253320079E+00
+934.1800E-06,-921.0050153E-03,-1.0296392587E+00
+934.6100E-06,-932.6633066E-03,-1.0483040105E+00
+935.0400E-06,-921.0050153E-03,-1.0533291362E+00
+935.4700E-06,-932.6633066E-03,-1.0353822593E+00
+935.9000E-06,-924.1277719E-03,-1.0131281316E+00
+936.3300E-06,-921.2131990E-03,-1.0131281316E+00
+936.7600E-06,-940.7824738E-03,-1.0253320079E+00
+937.1900E-06,-932.6633066E-03,-1.0131281316E+00
+937.6200E-06,-931.2060201E-03,-1.0131281316E+00
+938.0500E-06,-932.6633066E-03,-1.0468682606E+00
+938.4800E-06,-932.6633066E-03,-1.0310750085E+00
+938.9100E-06,-932.6633066E-03,-1.0425610099E+00
+939.3400E-06,-932.4551229E-03,-1.0138460066E+00
+939.7700E-06,-944.3215979E-03,-1.0253320079E+00
+940.2000E-06,-927.8750798E-03,-1.0296392587E+00
+940.6300E-06,-931.2060201E-03,-1.0181532573E+00
+941.0600E-06,-922.8786692E-03,-1.0468682606E+00
+941.4900E-06,-932.6633066E-03,-1.0533291362E+00
+941.9200E-06,-924.1277719E-03,-1.0238962580E+00
+942.3500E-06,-932.4551229E-03,-1.0131281316E+00
+942.7800E-06,-940.7824738E-03,-1.0411252600E+00
+943.2100E-06,-932.6633066E-03,-1.0131281316E+00
+943.6400E-06,-932.6633066E-03,-1.0131281316E+00
+944.0700E-06,-942.4479440E-03,-1.0195890072E+00
+944.5000E-06,-927.4587123E-03,-1.0310750085E+00
+944.9300E-06,-932.6633066E-03,-1.0533291362E+00
+945.3600E-06,-932.6633066E-03,-1.0533291362E+00
+945.7900E-06,-929.1241825E-03,-1.0533291362E+00
+946.2200E-06,-932.6633066E-03,-1.0368180092E+00
+946.6500E-06,-932.6633066E-03,-1.0483040105E+00
+947.0800E-06,-922.8786692E-03,-1.0468682606E+00
+947.5100E-06,-927.4587123E-03,-1.0310750085E+00
+947.9400E-06,-938.0760846E-03,-1.0238962580E+00
+948.3700E-06,-932.6633066E-03,-1.0533291362E+00
+948.8000E-06,-932.6633066E-03,-1.0131281316E+00
+949.2300E-06,-932.6633066E-03,-1.0131281316E+00
+949.6600E-06,-922.4623017E-03,-1.0533291362E+00
+950.0900E-06,-932.6633066E-03,-1.0533291362E+00
+950.5200E-06,-926.2096096E-03,-1.0310750085E+00
+950.9500E-06,-932.6633066E-03,-1.0533291362E+00
+951.3800E-06,-921.2131990E-03,-1.0533291362E+00
+951.8100E-06,-924.5441394E-03,-1.0411252600E+00
+952.2400E-06,-937.4515334E-03,-1.0533291362E+00
+952.6700E-06,-932.6633066E-03,-1.0181532573E+00
+953.1000E-06,-932.6633066E-03,-1.0131281316E+00
+953.5300E-06,-926.2096096E-03,-1.0131281316E+00
+953.9600E-06,-929.5405499E-03,-1.0425610098E+00
+954.3900E-06,-921.2131990E-03,-1.0533291362E+00
+954.8200E-06,-932.6633066E-03,-1.0411252600E+00
+955.2500E-06,-937.4515334E-03,-1.0131281316E+00
+955.6800E-06,-932.6633066E-03,-1.0131281316E+00
+956.1100E-06,-934.5369605E-03,-1.0131281316E+00
+956.5400E-06,-932.6633066E-03,-1.0131281316E+00
+956.9700E-06,-924.1277719E-03,-1.0131281316E+00
+957.4000E-06,-932.6633066E-03,-1.0533291362E+00
+957.8300E-06,-932.6633066E-03,-1.0411252600E+00
+958.2600E-06,-927.8750798E-03,-1.0533291362E+00
+958.6900E-06,-941.4070250E-03,-1.0131281316E+00
+959.1200E-06,-932.6633066E-03,-1.0195890072E+00
+959.5500E-06,-927.4587123E-03,-1.0533291362E+00
+959.9800E-06,-932.6633066E-03,-1.0425610098E+00
+960.4100E-06,-932.6633066E-03,-1.0526112613E+00
+960.8400E-06,-940.7824738E-03,-1.0411252600E+00
+961.2700E-06,-932.6633066E-03,-1.0368180092E+00
+961.7000E-06,-922.4623017E-03,-1.0533291362E+00
+962.1300E-06,-930.7896527E-03,-1.0533291362E+00
+962.5600E-06,-932.6633066E-03,-1.0533291362E+00
+962.9900E-06,-941.1988413E-03,-1.0533291362E+00
+963.4200E-06,-932.4551229E-03,-1.0131281316E+00
+963.8500E-06,-932.6633066E-03,-1.0411252600E+00
+964.2800E-06,-932.6633066E-03,-1.0296392587E+00
+964.7100E-06,-934.1205931E-03,-1.0131281316E+00
+965.1400E-06,-932.6633066E-03,-1.0468682606E+00
+965.5700E-06,-932.6633066E-03,-1.0353822593E+00
+966.0000E-06,-932.6633066E-03,-1.0238962580E+00
+966.4300E-06,-921.2131990E-03,-1.0526112613E+00
+966.8600E-06,-932.6633066E-03,-1.0131281316E+00
+967.2900E-06,-932.6633066E-03,-1.0533291362E+00
+967.7200E-06,-932.6633066E-03,-1.0131281316E+00
+968.1500E-06,-940.5742901E-03,-1.0131281316E+00
+968.5800E-06,-944.3215979E-03,-1.0131281316E+00
+969.0100E-06,-921.0050153E-03,-1.0425610098E+00
+969.4400E-06,-932.4551229E-03,-1.0526112613E+00
+969.8700E-06,-932.6633066E-03,-1.0533291362E+00
+970.3000E-06,-939.5333711E-03,-1.0296392587E+00
+970.7300E-06,-934.1205931E-03,-1.0131281316E+00
+971.1600E-06,-932.6633066E-03,-1.0468682606E+00
+971.5900E-06,-932.6633066E-03,-1.0310750085E+00
+972.0200E-06,-932.6633066E-03,-1.0238962580E+00
+972.4500E-06,-932.6633066E-03,-1.0533291362E+00
+972.8800E-06,-932.6633066E-03,-1.0131281316E+00
+973.3100E-06,-927.8750798E-03,-1.0296392587E+00
+973.7400E-06,-922.4623017E-03,-1.0533291362E+00
+974.1700E-06,-932.6633066E-03,-1.0131281316E+00
+974.6000E-06,-932.6633066E-03,-1.0353822593E+00
+975.0300E-06,-924.1277719E-03,-1.0425610098E+00
+975.4600E-06,-932.4551229E-03,-1.0526112613E+00
+975.8900E-06,-929.1241825E-03,-1.0533291362E+00
+976.3200E-06,-921.0050153E-03,-1.0296392587E+00
+976.7500E-06,-931.2060201E-03,-1.0131281316E+00
+977.1800E-06,-932.6633066E-03,-1.0195890072E+00
+977.6100E-06,-932.6633066E-03,-1.0310750085E+00
+978.0400E-06,-932.6633066E-03,-1.0425610098E+00
+978.4700E-06,-932.6633066E-03,-1.0526112613E+00
+978.9000E-06,-924.5441394E-03,-1.0253320079E+00
+979.3300E-06,-921.0050153E-03,-1.0368180092E+00
+979.7600E-06,-931.2060201E-03,-1.0533291362E+00
+980.1900E-06,-940.5742901E-03,-1.0131281316E+00
+980.6200E-06,-932.6633066E-03,-1.0310750085E+00
+981.0500E-06,-932.6633066E-03,-1.0131281316E+00
+981.4800E-06,-921.2131990E-03,-1.0138460066E+00
+981.9100E-06,-932.6633066E-03,-1.0253320079E+00
+982.3400E-06,-939.5333711E-03,-1.0131281316E+00
+982.7700E-06,-941.4070250E-03,-1.0533291362E+00
+983.2000E-06,-922.8786692E-03,-1.0468682606E+00
+983.6300E-06,-932.6633066E-03,-1.0353822593E+00
+984.0600E-06,-932.6633066E-03,-1.0425610098E+00
+984.4900E-06,-932.6633066E-03,-1.0138460066E+00
+984.9200E-06,-932.6633066E-03,-1.0533291362E+00
+985.3500E-06,-932.6633066E-03,-1.0131281316E+00
+985.7800E-06,-932.6633066E-03,-1.0483040105E+00
+986.2100E-06,-932.6633066E-03,-1.0195890072E+00
+986.6400E-06,-932.6633066E-03,-1.0533291362E+00
+987.0700E-06,-932.6633066E-03,-1.0425610098E+00
+987.5000E-06,-932.6633066E-03,-1.0131281316E+00
+987.9300E-06,-940.7824738E-03,-1.0131281316E+00
+988.3600E-06,-932.6633066E-03,-1.0131281316E+00
+988.7900E-06,-931.2060201E-03,-1.0181532574E+00
+989.2200E-06,-934.5369605E-03,-1.0533291362E+00
+989.6500E-06,-932.6633066E-03,-1.0533291362E+00
+990.0800E-06,-935.7860632E-03,-1.0131281316E+00
+990.5100E-06,-932.6633066E-03,-1.0533291362E+00
+990.9400E-06,-932.6633066E-03,-1.0411252600E+00
+991.3700E-06,-932.6633066E-03,-1.0131281316E+00
+991.8000E-06,-923.9195882E-03,-1.0181532574E+00
+992.2300E-06,-934.5369605E-03,-1.0533291362E+00
+992.6600E-06,-939.1170036E-03,-1.0353822593E+00
+993.0900E-06,-932.6633066E-03,-1.0238962580E+00
+993.5200E-06,-921.2131990E-03,-1.0131281316E+00
+993.9500E-06,-932.6633066E-03,-1.0253320079E+00
+994.3800E-06,-932.6633066E-03,-1.0296392587E+00
+994.8100E-06,-932.6633066E-03,-1.0483040105E+00
+995.2400E-06,-934.5369605E-03,-1.0468682606E+00
+995.6700E-06,-932.6633066E-03,-1.0533291362E+00
+996.1000E-06,-932.6633066E-03,-1.0533291362E+00
+996.5300E-06,-932.6633066E-03,-1.0138460066E+00
+996.9600E-06,-936.2024307E-03,-1.0533291362E+00
+997.3900E-06,-932.6633066E-03,-1.0533291362E+00
+997.8200E-06,-932.6633066E-03,-1.0483040105E+00
+998.2500E-06,-922.8786692E-03,-1.0195890072E+00
+998.6800E-06,-927.4587123E-03,-1.0310750085E+00
+999.1100E-06,-935.7860632E-03,-1.0425610098E+00
+999.5400E-06,-932.4551229E-03,-1.0131281316E+00
+999.9700E-06,-932.6633066E-03,-1.0253320079E+00
+1.0004000E-03,-916.2167884E-03,+996.9220981E-03
+1.0008300E-03,-899.1457191E-03,+956.7210935E-03
+1.0012600E-03,-895.8147787E-03,+996.9220981E-03
+1.0016900E-03,-879.5764442E-03,+956.7210935E-03
+1.0021200E-03,-862.7135586E-03,+986.1539717E-03
+1.0025500E-03,-839.6051597E-03,+996.2042232E-03
+1.0029800E-03,-847.5161432E-03,+996.9220981E-03
+1.0034100E-03,-816.0803933E-03,+980.4109711E-03
+1.0038400E-03,-814.6231068E-03,+996.9220981E-03
+1.0042700E-03,-802.5484480E-03,+990.4612225E-03
+1.0047000E-03,-786.3101136E-03,+996.9220981E-03
+1.0051300E-03,-772.5699846E-03,+996.9220981E-03
+1.0055600E-03,-769.4472279E-03,+996.9220981E-03
+1.0059900E-03,-746.1306453E-03,+956.7210935E-03
+1.0064200E-03,-739.2605808E-03,+973.2322206E-03
+1.0068500E-03,-724.2713491E-03,+961.7462192E-03
+1.0072800E-03,-714.9030791E-03,+990.4612225E-03
+1.0077100E-03,-699.4974799E-03,+996.9220981E-03
+1.0081400E-03,-687.8391886E-03,+967.4892199E-03
+1.0085700E-03,-676.3890810E-03,+996.9220981E-03
+1.0090000E-03,-664.5226059E-03,+996.9220981E-03
+1.0094300E-03,-652.8643146E-03,+980.4109711E-03
+1.0098600E-03,-641.2060233E-03,+991.8969724E-03
+1.0102900E-03,-639.3323694E-03,+996.9220981E-03
+1.0107200E-03,-624.3431377E-03,+996.9220981E-03
+1.0111500E-03,-609.3539059E-03,+996.9220981E-03
+1.0115800E-03,-606.0229656E-03,+996.9220981E-03
+1.0120100E-03,-582.9145666E-03,+984.7182219E-03
+1.0124400E-03,-578.1263398E-03,+1.0206119756E+00
+1.0128700E-03,-559.5979840E-03,+991.8969724E-03
+1.0133000E-03,-569.3826214E-03,+996.9220981E-03
+1.0137300E-03,-547.9396926E-03,+996.9220981E-03
+1.0141600E-03,-527.7458666E-03,+996.9220981E-03
+1.0145900E-03,-536.0732176E-03,+957.4389684E-03
+1.0150200E-03,-512.9648186E-03,+996.9220981E-03
+1.0154500E-03,-501.3065273E-03,+1.0206119756E+00
+1.0158800E-03,-499.8492408E-03,+996.9220981E-03
+1.0163100E-03,-477.9899446E-03,+996.9220981E-03
+1.0167400E-03,-472.7853503E-03,+996.9220981E-03
+1.0171700E-03,-457.7961186E-03,+996.9220981E-03
+1.0176000E-03,-454.4651782E-03,+996.2042232E-03
+1.0180300E-03,-451.1342379E-03,+996.9220981E-03
+1.0184600E-03,-436.1450061E-03,+996.9220981E-03
+1.0188900E-03,-419.6984880E-03,+961.7462192E-03
+1.0193200E-03,-417.8248341E-03,+996.9220981E-03
+1.0197500E-03,-396.3819053E-03,+996.9220981E-03
+1.0201800E-03,-393.2591486E-03,+967.4892199E-03
+1.0206100E-03,-373.2735064E-03,+996.9220981E-03
+1.0210400E-03,-373.0653226E-03,+996.9220981E-03
+1.0214700E-03,-366.1952582E-03,+996.9220981E-03
+1.0219000E-03,-361.4070313E-03,+996.9220981E-03
+1.0223300E-03,-349.7487400E-03,+996.9220981E-03
+1.0227600E-03,-338.0904486E-03,+996.9220981E-03
+1.0231900E-03,-334.9676920E-03,+986.1539717E-03
+1.0236200E-03,-326.2239736E-03,+996.9220981E-03
+1.0240500E-03,-303.1155746E-03,+996.9220981E-03
+1.0244800E-03,-303.1155746E-03,+996.9220981E-03
+1.0249100E-03,-301.6582882E-03,+996.9220981E-03
+1.0253400E-03,-279.7989920E-03,+996.9220981E-03
+1.0257700E-03,-279.7989920E-03,+978.9752212E-03
+1.0262000E-03,-268.1407006E-03,+996.9220981E-03
+1.0266300E-03,-256.4824093E-03,+996.9220981E-03
+1.0270600E-03,-244.8241180E-03,+996.9220981E-03
+1.0274900E-03,-244.8241180E-03,+996.9220981E-03
+1.0279200E-03,-221.5075353E-03,+996.9220981E-03
+1.0283500E-03,-231.2921727E-03,+996.9220981E-03
+1.0287800E-03,-215.0538383E-03,+1.0148689750E+00
+1.0292100E-03,-198.1909527E-03,+996.9220981E-03
+1.0296400E-03,-198.1909527E-03,+996.9220981E-03
+1.0300700E-03,-190.0717854E-03,+996.9220981E-03
+1.0305000E-03,-186.5326613E-03,+996.9220981E-03
+1.0309300E-03,-174.8743700E-03,+996.9220981E-03
+1.0313600E-03,-173.0007161E-03,+996.9220981E-03
+1.0317900E-03,-163.2160787E-03,+996.9220981E-03
+1.0322200E-03,-160.0933220E-03,+996.9220981E-03
+1.0326500E-03,-139.8994960E-03,+996.9220981E-03
+1.0330800E-03,-136.3603719E-03,+996.9220981E-03
+1.0335100E-03,-128.2412047E-03,+996.9220981E-03
+1.0339400E-03,-118.0401998E-03,+991.8969724E-03
+1.0343700E-03,-114.7092594E-03,+996.9220981E-03
+1.0348000E-03,-104.9246220E-03,+978.9752212E-03
+1.0352300E-03,-104.9246220E-03,+996.9220981E-03
+1.0356600E-03,-104.7164383E-03,+996.9220981E-03
+1.0360900E-03,-93.2663307E-03,+996.9220981E-03
+1.0365200E-03,-74.7379748E-03,+996.9220981E-03
+1.0369500E-03,-69.9497480E-03,+996.9220981E-03
+1.0373800E-03,-69.9497480E-03,+996.9220981E-03
+1.0378100E-03,-58.2914567E-03,+974.6679704E-03
+1.0382400E-03,-55.1687000E-03,+996.9220981E-03
+1.0386700E-03,-46.4249816E-03,+996.9220981E-03
+1.0391000E-03,-34.9748740E-03,+996.9220981E-03
+1.0395300E-03,-28.1048095E-03,+996.9220981E-03
+1.0399600E-03,-21.8592962E-03,+961.7462193E-03
+1.0403900E-03,-23.3165827E-03,+996.9220981E-03
+1.0408200E-03,-11.6582913E-03,+996.9220981E-03
+1.0412500E-03,-3.1227567E-03,+996.9220981E-03
+1.0416800E-03,+0.0E+00,+996.9220981E-03
+1.0421100E-03,+11.6582913E-03,+968.9249697E-03
+1.0425400E-03,+18.5283558E-03,+996.9220981E-03
+1.0429700E-03,+13.1155778E-03,+996.9220981E-03
+1.0434000E-03,+34.9748740E-03,+996.9220981E-03
+1.0438300E-03,+28.5211770E-03,+996.9220981E-03
+1.0442600E-03,+34.9748740E-03,+996.9220981E-03
+1.0446900E-03,+46.4249816E-03,+996.9220981E-03
+1.0451200E-03,+54.7523326E-03,+996.9220981E-03
+1.0455500E-03,+58.2914567E-03,+996.9220981E-03
+1.0459800E-03,+69.9497480E-03,+996.9220981E-03
+1.0464100E-03,+69.9497480E-03,+996.9220981E-03
+1.0468400E-03,+81.6080393E-03,+1.0148689750E+00
+1.0472700E-03,+81.6080393E-03,+996.9220981E-03
+1.0477000E-03,+81.8162231E-03,+957.4389684E-03
+1.0481300E-03,+96.8054548E-03,+996.9220981E-03
+1.0485600E-03,+93.2663307E-03,+973.2322206E-03
+1.0489900E-03,+104.9246220E-03,+961.7462193E-03
+1.0494200E-03,+106.7982759E-03,+996.9220981E-03
+1.0498500E-03,+116.5829133E-03,+974.6679704E-03
+1.0502800E-03,+119.7056700E-03,+996.9220981E-03
+1.0507100E-03,+128.2412047E-03,+996.9220981E-03
+1.0511400E-03,+139.8994960E-03,+996.9220981E-03
+1.0515700E-03,+135.1112691E-03,+996.9220981E-03
+1.0520000E-03,+141.3567825E-03,+996.9220981E-03
+1.0524300E-03,+153.4314412E-03,+996.9220981E-03
+1.0528600E-03,+151.5577873E-03,+996.9220981E-03
+1.0532900E-03,+160.0933220E-03,+996.9220981E-03
+1.0537200E-03,+174.6661863E-03,+996.2042232E-03
+1.0541500E-03,+166.7552028E-03,+996.9220981E-03
+1.0545800E-03,+176.9562076E-03,+956.7210935E-03
+1.0550100E-03,+186.5326613E-03,+991.8969723E-03
+1.0554400E-03,+196.3172987E-03,+996.9220981E-03
+1.0558700E-03,+186.5326613E-03,+1.0191762258E+00
+1.0563000E-03,+198.1909527E-03,+996.9220981E-03
+1.0567300E-03,+209.8492440E-03,+957.4389684E-03
+1.0571600E-03,+206.3101199E-03,+984.7182219E-03
+1.0575900E-03,+214.6374708E-03,+996.9220981E-03
+1.0580200E-03,+221.5075353E-03,+996.9220981E-03
+1.0584500E-03,+221.5075353E-03,+996.9220981E-03
+1.0588800E-03,+233.1658266E-03,+996.9220981E-03
+1.0593100E-03,+233.1658266E-03,+967.4892199E-03
+1.0597400E-03,+233.1658266E-03,+996.9220981E-03
+1.0601700E-03,+244.8241180E-03,+996.9220981E-03
+1.0606000E-03,+251.6941825E-03,+996.9220981E-03
+1.0610300E-03,+256.4824093E-03,+996.9220981E-03
+1.0614600E-03,+264.3933928E-03,+996.9220981E-03
+1.0618900E-03,+262.9361064E-03,+956.7210935E-03
+1.0623200E-03,+268.1407006E-03,+967.4892199E-03
+1.0627500E-03,+268.1407006E-03,+996.9220981E-03
+1.0631800E-03,+279.7989920E-03,+996.9220981E-03
+1.0636100E-03,+286.6690565E-03,+980.4109710E-03
+1.0640400E-03,+279.7989920E-03,+996.9220981E-03
+1.0644700E-03,+291.4572833E-03,+1.0242013516E+00
+1.0649000E-03,+297.9109804E-03,+996.9220981E-03
+1.0653300E-03,+294.5800400E-03,+1.0076902245E+00
+1.0657600E-03,+303.1155746E-03,+996.9220981E-03
+1.0661900E-03,+310.1938228E-03,+984.7182219E-03
+1.0666200E-03,+314.7738660E-03,+996.9220981E-03
+1.0670500E-03,+316.2311524E-03,+991.8969723E-03
+1.0674800E-03,+324.5585034E-03,+990.4612225E-03
+1.0679100E-03,+326.4321573E-03,+996.9220981E-03
+1.0683400E-03,+338.0904486E-03,+996.9220981E-03
+1.0687700E-03,+338.0904486E-03,+957.4389684E-03
+1.0692000E-03,+346.2096159E-03,+968.9249697E-03
+1.0696300E-03,+342.8786755E-03,+996.9220981E-03
+1.0700600E-03,+349.7487400E-03,+996.9220981E-03
+1.0704900E-03,+339.9641026E-03,+996.9220981E-03
+1.0709200E-03,+354.9533343E-03,+996.9220981E-03
+1.0713500E-03,+358.2842746E-03,+996.9220981E-03
+1.0717800E-03,+361.4070313E-03,+996.9220981E-03
+1.0722100E-03,+369.5261985E-03,+996.9220981E-03
+1.0726400E-03,+366.1952582E-03,+973.2322206E-03
+1.0730700E-03,+373.0653226E-03,+1.0320979769E+00
+1.0735000E-03,+373.0653226E-03,+996.9220981E-03
+1.0739300E-03,+384.7236140E-03,+974.6679704E-03
+1.0743600E-03,+384.7236140E-03,+986.1539717E-03
+1.0747900E-03,+396.1737216E-03,+996.2042232E-03
+1.0752200E-03,+396.3819053E-03,+984.7182219E-03
+1.0756500E-03,+403.2519698E-03,+996.9220981E-03
+1.0760800E-03,+397.8391918E-03,+996.9220981E-03
+1.0765100E-03,+398.2555592E-03,+990.4612225E-03
+1.0769400E-03,+408.0401966E-03,+1.0191762258E+00
+1.0773700E-03,+408.0401966E-03,+996.9220981E-03
+1.0778000E-03,+408.2483804E-03,+1.0364052278E+00
+1.0782300E-03,+416.1593639E-03,+996.9220981E-03
+1.0786600E-03,+419.6984880E-03,+996.9220981E-03
+1.0790900E-03,+419.6984880E-03,+996.9220981E-03
+1.0795200E-03,+431.3567793E-03,+996.9220981E-03
+1.0799500E-03,+443.0150706E-03,+996.9220981E-03
+1.0803800E-03,+431.3567793E-03,+996.9220981E-03
+1.0808100E-03,+443.0150706E-03,+996.9220981E-03
+1.0812400E-03,+434.8959034E-03,+996.9220981E-03
+1.0816700E-03,+443.0150706E-03,+973.2322206E-03
+1.0821000E-03,+443.0150706E-03,+996.9220981E-03
+1.0825300E-03,+454.6733620E-03,+996.9220981E-03
+1.0829600E-03,+459.8779563E-03,+996.9220981E-03
+1.0833900E-03,+454.6733620E-03,+996.9220981E-03
+1.0838200E-03,+466.3316533E-03,+996.9220981E-03
+1.0842500E-03,+477.9899446E-03,+968.9249697E-03
+1.0846800E-03,+466.3316533E-03,+996.9220981E-03
+1.0851100E-03,+467.7889398E-03,+996.9220981E-03
+1.0855400E-03,+476.1162907E-03,+990.4612225E-03
+1.0859700E-03,+477.9899446E-03,+956.7210935E-03
+1.0864000E-03,+477.9899446E-03,+956.7210935E-03
+1.0868300E-03,+477.9899446E-03,+996.2042232E-03
+1.0872600E-03,+489.6482360E-03,+984.7182219E-03
+1.0876900E-03,+489.6482360E-03,+1.0134332252E+00
+1.0881200E-03,+499.8492408E-03,+991.8969723E-03
+1.0885500E-03,+491.5218899E-03,+996.9220981E-03
+1.0889800E-03,+496.1019330E-03,+996.9220981E-03
+1.0894100E-03,+492.7709926E-03,+967.4892199E-03
+1.0898400E-03,+501.3065273E-03,+996.9220981E-03
+1.0902700E-03,+512.9648186E-03,+996.9220981E-03
+1.0907000E-03,+506.0947541E-03,+996.9220981E-03
+1.0911300E-03,+523.1658235E-03,+996.9220981E-03
+1.0915600E-03,+514.8384725E-03,+963.1819691E-03
+1.0919900E-03,+524.6231100E-03,+978.9752212E-03
+1.0924200E-03,+524.6231100E-03,+996.9220981E-03
+1.0928500E-03,+524.6231100E-03,+1.0364052278E+00
+1.0932800E-03,+524.6231100E-03,+1.0091259743E+00
+1.0937100E-03,+524.6231100E-03,+996.9220981E-03
+1.0941400E-03,+526.0803964E-03,+996.9220981E-03
+1.0945700E-03,+526.4967639E-03,+996.9220981E-03
+1.0950000E-03,+536.2814013E-03,+1.0191762258E+00
+1.0954300E-03,+547.9396926E-03,+996.9220981E-03
+1.0958600E-03,+547.9396926E-03,+996.9220981E-03
+1.0962900E-03,+551.4788167E-03,+984.7182219E-03
+1.0967200E-03,+554.8097571E-03,+996.9220981E-03
+1.0971500E-03,+559.5979840E-03,+996.9220981E-03
+1.0975800E-03,+559.5979840E-03,+996.9220981E-03
+1.0980100E-03,+559.5979840E-03,+1.0012293490E+00
+1.0984400E-03,+559.5979840E-03,+986.1539717E-03
+1.0988700E-03,+559.5979840E-03,+996.9220981E-03
+1.0993000E-03,+571.2562753E-03,+996.9220981E-03
+1.0997300E-03,+559.5979840E-03,+996.9220981E-03
+1.1001600E-03,+571.2562753E-03,+996.9220981E-03
+1.1005900E-03,+571.2562753E-03,+990.4612226E-03
+1.1010200E-03,+571.2562753E-03,+974.6679704E-03
+1.1014500E-03,+574.3790320E-03,+996.9220981E-03
+1.1018800E-03,+571.2562753E-03,+996.9220981E-03
+1.1023100E-03,+591.0337339E-03,+996.9220981E-03
+1.1027400E-03,+582.9145666E-03,+996.9220981E-03
+1.1031700E-03,+582.9145666E-03,+996.9220981E-03
+1.1036000E-03,+582.9145666E-03,+996.9220981E-03
+1.1040300E-03,+594.5728580E-03,+996.9220981E-03
+1.1044600E-03,+594.5728580E-03,+996.9220981E-03
+1.1048900E-03,+594.5728580E-03,+957.4389684E-03
+1.1053200E-03,+594.5728580E-03,+996.9220981E-03
+1.1057500E-03,+599.3610848E-03,+980.4109710E-03
+1.1061800E-03,+604.7738628E-03,+996.9220981E-03
+1.1066100E-03,+606.2311493E-03,+996.9220981E-03
+1.1070400E-03,+611.4357436E-03,+996.9220981E-03
+1.1074700E-03,+606.2311493E-03,+996.9220981E-03
+1.1079000E-03,+606.2311493E-03,+996.9220981E-03
+1.1083300E-03,+606.2311493E-03,+996.9220981E-03
+1.1087600E-03,+617.8894406E-03,+996.9220981E-03
+1.1091900E-03,+617.8894406E-03,+991.8969723E-03
+1.1096200E-03,+617.8894406E-03,+996.9220981E-03
+1.1100500E-03,+624.3431377E-03,+996.9220981E-03
+1.1104800E-03,+629.5477320E-03,+996.9220981E-03
+1.1109100E-03,+640.9978396E-03,+996.9220981E-03
+1.1113400E-03,+629.5477320E-03,+996.9220981E-03
+1.1117700E-03,+629.5477320E-03,+996.9220981E-03
+1.1122000E-03,+641.2060233E-03,+996.9220981E-03
+1.1126300E-03,+629.5477320E-03,+996.9220981E-03
+1.1130600E-03,+634.7523262E-03,+996.9220981E-03
+1.1134900E-03,+632.6704886E-03,+996.9220981E-03
+1.1139200E-03,+629.5477320E-03,+956.7210935E-03
+1.1143500E-03,+649.3251905E-03,+996.9220981E-03
+1.1147800E-03,+641.2060233E-03,+973.2322206E-03
+1.1152100E-03,+642.6633098E-03,+996.9220981E-03
+1.1156400E-03,+650.9906607E-03,+996.9220981E-03
+1.1160700E-03,+646.4106176E-03,+996.9220981E-03
+1.1165000E-03,+644.3287799E-03,+996.9220981E-03
+1.1169300E-03,+652.6561309E-03,+996.2042232E-03
+1.1173600E-03,+652.8643146E-03,+996.9220981E-03
+1.1177900E-03,+657.6525415E-03,+996.9220981E-03
+1.1182200E-03,+652.8643146E-03,+996.9220981E-03
+1.1186500E-03,+664.5226059E-03,+996.9220981E-03
+1.1190800E-03,+658.0689089E-03,+996.9220981E-03
+1.1195100E-03,+667.6453626E-03,+986.1539717E-03
+1.1199400E-03,+676.1808973E-03,+996.9220981E-03
+1.1203700E-03,+664.5226059E-03,+984.7182219E-03
+1.1208000E-03,+664.5226059E-03,+996.9220981E-03
+1.1212300E-03,+676.1808973E-03,+991.8969723E-03
+1.1216600E-03,+676.1808973E-03,+996.9220981E-03
+1.1220900E-03,+670.9763030E-03,+1.0148689750E+00
+1.1225200E-03,+664.5226059E-03,+996.9220981E-03
+1.1229500E-03,+687.8391886E-03,+996.9220981E-03
+1.1233800E-03,+684.3000645E-03,+996.9220981E-03
+1.1238100E-03,+680.9691241E-03,+996.9220981E-03
+1.1242400E-03,+686.3819021E-03,+996.9220981E-03
+1.1246700E-03,+687.8391886E-03,+996.9220981E-03
+1.1251000E-03,+682.6345943E-03,+996.9220981E-03
+1.1255300E-03,+687.8391886E-03,+956.7210935E-03
+1.1259600E-03,+687.8391886E-03,+996.9220981E-03
+1.1263900E-03,+691.3783127E-03,+956.7210935E-03
+1.1268200E-03,+694.7092531E-03,+1.0134332252E+00
+1.1272500E-03,+689.2964751E-03,+996.9220981E-03
+1.1276800E-03,+699.4974799E-03,+996.9220981E-03
+1.1281100E-03,+694.2928857E-03,+996.9220981E-03
+1.1285400E-03,+699.4974799E-03,+996.9220981E-03
+1.1289700E-03,+688.0473723E-03,+996.9220981E-03
+1.1294000E-03,+707.6166472E-03,+996.9220981E-03
+1.1298300E-03,+699.4974799E-03,+996.9220981E-03
+1.1302600E-03,+699.4974799E-03,+996.9220981E-03
+1.1306900E-03,+709.2821174E-03,+996.9220981E-03
+1.1311200E-03,+704.7020742E-03,+1.0148689749E+00
+1.1315500E-03,+711.1557713E-03,+1.0155868498E+00
+1.1319800E-03,+711.1557713E-03,+997.6399730E-03
+1.1324100E-03,+711.1557713E-03,+996.9220981E-03
+1.1328400E-03,+711.1557713E-03,+996.9220981E-03
+1.1332700E-03,+712.6130578E-03,+996.9220981E-03
+1.1337000E-03,+722.8140626E-03,+996.9220981E-03
+1.1341300E-03,+722.8140626E-03,+996.9220981E-03
+1.1345600E-03,+714.2785279E-03,+986.1539717E-03
+1.1349900E-03,+722.8140626E-03,+996.9220981E-03
+1.1354200E-03,+722.8140626E-03,+996.9220981E-03
+1.1358500E-03,+722.8140626E-03,+996.9220981E-03
+1.1362800E-03,+722.8140626E-03,+996.9220981E-03
+1.1367100E-03,+722.8140626E-03,+996.9220981E-03
+1.1371400E-03,+722.8140626E-03,+996.9220981E-03
+1.1375700E-03,+731.3495973E-03,+996.9220981E-03
+1.1380000E-03,+734.4723539E-03,+996.9220981E-03
+1.1384300E-03,+734.4723539E-03,+968.9249697E-03
+1.1388600E-03,+727.6022895E-03,+980.4109710E-03
+1.1392900E-03,+734.4723539E-03,+996.9220981E-03
+1.1397200E-03,+734.4723539E-03,+996.9220981E-03
+1.1401500E-03,+734.4723539E-03,+996.9220981E-03
+1.1405800E-03,+734.4723539E-03,+996.9220981E-03
+1.1410100E-03,+734.6805377E-03,+996.9220981E-03
+1.1414400E-03,+746.1306453E-03,+996.9220981E-03
+1.1418700E-03,+741.3424184E-03,+1.0134332252E+00
+1.1423000E-03,+744.6733588E-03,+991.8969723E-03
+1.1427300E-03,+736.3460078E-03,+990.4612226E-03
+1.1431600E-03,+739.6769482E-03,+996.9220981E-03
+1.1435900E-03,+743.0078886E-03,+996.9220981E-03
+1.1440200E-03,+746.1306453E-03,+996.9220981E-03
+1.1444500E-03,+746.1306453E-03,+968.9249697E-03
+1.1448800E-03,+741.3424184E-03,+996.9220981E-03
+1.1453100E-03,+747.5879318E-03,+996.9220981E-03
+1.1457400E-03,+746.1306453E-03,+996.9220981E-03
+1.1461700E-03,+757.7889366E-03,+996.9220981E-03
+1.1466000E-03,+754.6661799E-03,+996.9220981E-03
+1.1470300E-03,+757.7889366E-03,+996.9220981E-03
+1.1474600E-03,+757.7889366E-03,+996.9220981E-03
+1.1478900E-03,+757.7889366E-03,+980.4109710E-03
+1.1483200E-03,+757.7889366E-03,+961.7462193E-03
+1.1487500E-03,+757.7889366E-03,+996.9220981E-03
+1.1491800E-03,+764.2426337E-03,+996.9220981E-03
+1.1496100E-03,+760.9116933E-03,+996.9220981E-03
+1.1500400E-03,+757.9971203E-03,+996.9220981E-03
+1.1504700E-03,+769.4472279E-03,+968.9249697E-03
+1.1509000E-03,+769.4472279E-03,+996.9220981E-03
+1.1513300E-03,+757.7889366E-03,+996.9220981E-03
+1.1517600E-03,+769.4472279E-03,+996.9220981E-03
+1.1521900E-03,+769.4472279E-03,+996.9220981E-03
+1.1526200E-03,+760.9116933E-03,+967.4892199E-03
+1.1530500E-03,+769.4472279E-03,+996.9220981E-03
+1.1534800E-03,+769.4472279E-03,+984.7182219E-03
+1.1539100E-03,+769.4472279E-03,+996.9220981E-03
+1.1543400E-03,+769.4472279E-03,+991.8969723E-03
+1.1547700E-03,+769.4472279E-03,+996.9220981E-03
+1.1552000E-03,+781.1055193E-03,+974.6679703E-03
+1.1556300E-03,+766.3244713E-03,+967.4892199E-03
+1.1560600E-03,+781.1055193E-03,+996.9220981E-03
+1.1564900E-03,+772.9863520E-03,+996.9220981E-03
+1.1569200E-03,+781.1055193E-03,+973.2322206E-03
+1.1573500E-03,+781.1055193E-03,+1.0019472239E+00
+1.1577800E-03,+781.1055193E-03,+996.9220981E-03
+1.1582100E-03,+781.1055193E-03,+996.9220981E-03
+1.1586400E-03,+784.2282759E-03,+967.4892199E-03
+1.1590700E-03,+781.1055193E-03,+996.9220981E-03
+1.1595000E-03,+781.1055193E-03,+996.9220981E-03
+1.1599300E-03,+785.8937461E-03,+996.9220981E-03
+1.1603600E-03,+781.1055193E-03,+996.9220981E-03
+1.1607900E-03,+792.7638106E-03,+963.1819690E-03
+1.1612200E-03,+781.1055193E-03,+996.9220981E-03
+1.1616500E-03,+792.7638106E-03,+956.7210935E-03
+1.1620800E-03,+781.3137030E-03,+996.9220981E-03
+1.1625100E-03,+781.1055193E-03,+996.9220981E-03
+1.1629400E-03,+787.9755837E-03,+973.2322206E-03
+1.1633700E-03,+792.7638106E-03,+996.9220981E-03
+1.1638000E-03,+794.6374645E-03,+996.9220981E-03
+1.1642300E-03,+792.7638106E-03,+978.9752213E-03
+1.1646600E-03,+792.7638106E-03,+996.9220981E-03
+1.1650900E-03,+804.4221019E-03,+996.9220981E-03
+1.1655200E-03,+789.2246865E-03,+996.9220981E-03
+1.1659500E-03,+797.5520375E-03,+1.0134332252E+00
+1.1663800E-03,+802.9648155E-03,+996.9220981E-03
+1.1668100E-03,+794.6374645E-03,+996.9220981E-03
+1.1672400E-03,+799.2175077E-03,+978.9752213E-03
+1.1676700E-03,+804.4221019E-03,+996.9220981E-03
+1.1681000E-03,+792.9719943E-03,+996.9220981E-03
+1.1685300E-03,+800.8829778E-03,+996.9220981E-03
+1.1689600E-03,+792.7638106E-03,+980.4109710E-03
+1.1693900E-03,+804.4221019E-03,+996.9220981E-03
+1.1698200E-03,+804.4221019E-03,+996.9220981E-03
+1.1702500E-03,+804.4221019E-03,+974.6679703E-03
+1.1706800E-03,+804.4221019E-03,+996.9220981E-03
+1.1711100E-03,+792.9719943E-03,+996.9220981E-03
+1.1715400E-03,+807.9612260E-03,+984.7182219E-03
+1.1719700E-03,+804.4221019E-03,+996.9220981E-03
+1.1724000E-03,+805.8793884E-03,+996.9220981E-03
+1.1728300E-03,+814.2067394E-03,+969.6428446E-03
+1.1732600E-03,+804.4221019E-03,+996.9220981E-03
+1.1736900E-03,+812.9576366E-03,+996.9220981E-03
+1.1741200E-03,+815.8722096E-03,+996.9220981E-03
+1.1745500E-03,+816.0803933E-03,+996.9220981E-03
+1.1749800E-03,+811.2921664E-03,+996.9220981E-03
+1.1754100E-03,+805.8793884E-03,+991.8969723E-03
+1.1758400E-03,+806.2957558E-03,+963.1819690E-03
+1.1762700E-03,+827.7386846E-03,+974.6679703E-03
+1.1767000E-03,+816.0803933E-03,+986.1539717E-03
+1.1771300E-03,+816.0803933E-03,+996.9220981E-03
+1.1775600E-03,+816.0803933E-03,+996.9220981E-03
+1.1779900E-03,+816.0803933E-03,+996.9220981E-03
+1.1784200E-03,+816.0803933E-03,+996.9220981E-03
+1.1788500E-03,+806.2957558E-03,+996.9220981E-03
+1.1792800E-03,+827.7386846E-03,+996.9220981E-03
+1.1797100E-03,+819.2031499E-03,+1.0076902245E+00
+1.1801400E-03,+827.7386846E-03,+996.9220981E-03
+1.1805700E-03,+819.6195174E-03,+996.9220981E-03
